cohort,period,n_users,n_active_users,revenue,retention,cohort_age,age
2020-01-01,2020-01-01,25,25,14.321104424662202,1.0,0,1065
2020-01-01,2020-02-01,25,9,33.00541066631285,0.36,1,1065
2020-01-01,2020-03-01,25,9,36.77080354976567,0.36,2,1065
2020-01-01,2020-04-01,25,5,33.37407161444204,0.2,3,1065
2020-01-01,2020-05-01,25,10,43.56158980771161,0.4,4,1065
2020-01-01,2020-06-01,25,5,18.540754785680008,0.2,5,1065
2020-01-01,2020-07-01,25,7,21.04547561948914,0.28,6,1065
2020-01-01,2020-08-01,25,6,22.27516332997065,0.24,7,1065
2020-01-01,2020-09-01,25,3,7.04703185141924,0.12,8,1065
2020-01-01,2020-10-01,25,7,30.198142621931222,0.28,9,1065
2020-01-01,2020-11-01,25,6,14.044565081789404,0.24,10,1065
2020-01-01,2020-12-01,25,4,22.77913212701551,0.16,11,1065
2020-01-01,2021-01-01,25,3,12.392428332240383,0.12,12,1065
2020-01-01,2021-02-01,25,3,19.100428108458424,0.12,13,1065
2020-01-01,2021-03-01,25,4,12.765020545769422,0.16,14,1065
2020-01-01,2021-04-01,25,5,24.499279750277047,0.2,15,1065
2020-01-01,2021-05-01,25,4,8.467950400389952,0.16,16,1065
2020-01-01,2021-06-01,25,7,31.874690572166415,0.28,17,1065
2020-01-01,2021-07-01,25,3,10.392636231646238,0.12,18,1065
2020-01-01,2021-08-01,25,5,27.856472870571068,0.2,19,1065
2020-01-01,2021-09-01,25,7,27.293545393610145,0.28,20,1065
2020-01-01,2021-10-01,25,4,8.908282087757843,0.16,21,1065
2020-01-01,2021-11-01,25,2,6.4910136003395955,0.08,22,1065
2020-01-01,2021-12-01,25,4,14.014053326014006,0.16,23,1065
2020-01-01,2022-01-01,25,5,15.31698866739341,0.2,24,1065
2020-01-01,2022-02-01,25,7,34.12376081819291,0.28,25,1065
2020-01-01,2022-03-01,25,4,14.495206729158204,0.16,26,1065
2020-01-01,2022-04-01,25,2,7.264501938027351,0.08,27,1065
2020-01-01,2022-05-01,25,5,29.57395649948289,0.2,28,1065
2020-01-01,2022-06-01,25,5,14.761742628319046,0.2,29,1065
2020-01-01,2022-07-01,25,6,23.26581395863627,0.24,30,1065
2020-01-01,2022-08-01,25,7,28.402033108530606,0.28,31,1065
2020-01-01,2022-09-01,25,5,15.803794319575307,0.2,32,1065
2020-01-01,2022-10-01,25,4,9.226396373631516,0.16,33,1065
2020-01-01,2022-11-01,25,5,27.175990336697062,0.2,34,1065
2020-01-01,2022-12-01,25,4,8.228579515016417,0.16,35,1065
2020-02-01,2020-02-01,28,28,43.61409046921003,1.0,0,1034
2020-02-01,2020-03-01,28,11,37.43505709342391,0.39285714285714285,1,1034
2020-02-01,2020-04-01,28,7,22.077633554540505,0.25,2,1034
2020-02-01,2020-05-01,28,7,30.75037305196239,0.25,3,1034
2020-02-01,2020-06-01,28,6,16.058605764449954,0.21428571428571427,4,1034
2020-02-01,2020-07-01,28,5,32.56120164315351,0.17857142857142858,5,1034
2020-02-01,2020-08-01,28,6,20.332738981752463,0.21428571428571427,6,1034
2020-02-01,2020-09-01,28,7,34.0101162336523,0.25,7,1034
2020-02-01,2020-10-01,28,4,22.933702733195403,0.14285714285714285,8,1034
2020-02-01,2020-11-01,28,2,7.061627093473794,0.07142857142857142,9,1034
2020-02-01,2020-12-01,28,7,13.77498514480362,0.25,10,1034
2020-02-01,2021-01-01,28,4,41.493650575166704,0.14285714285714285,11,1034
2020-02-01,2021-02-01,28,5,5.3348439736630064,0.17857142857142858,12,1034
2020-02-01,2021-03-01,28,8,22.800917146166135,0.2857142857142857,13,1034
2020-02-01,2021-04-01,28,6,12.704784165434308,0.21428571428571427,14,1034
2020-02-01,2021-05-01,28,8,23.756412737344526,0.2857142857142857,15,1034
2020-02-01,2021-06-01,28,5,28.070779878632738,0.17857142857142858,16,1034
2020-02-01,2021-07-01,28,8,21.56872090786192,0.2857142857142857,17,1034
2020-02-01,2021-08-01,28,7,10.379626631376594,0.25,18,1034
2020-02-01,2021-09-01,28,5,27.8653522642038,0.17857142857142858,19,1034
2020-02-01,2021-10-01,28,6,19.588608318996258,0.21428571428571427,20,1034
2020-02-01,2021-11-01,28,6,20.820352973526585,0.21428571428571427,21,1034
2020-02-01,2021-12-01,28,7,21.459899378600475,0.25,22,1034
2020-02-01,2022-01-01,28,6,10.683402786098203,0.21428571428571427,23,1034
2020-02-01,2022-02-01,28,5,22.9236713708394,0.17857142857142858,24,1034
2020-02-01,2022-03-01,28,6,14.321236763176806,0.21428571428571427,25,1034
2020-02-01,2022-04-01,28,4,12.62872756941767,0.14285714285714285,26,1034
2020-02-01,2022-05-01,28,4,8.247771282696323,0.14285714285714285,27,1034
2020-02-01,2022-06-01,28,6,12.258083048538836,0.21428571428571427,28,1034
2020-02-01,2022-07-01,28,7,33.15844083117714,0.25,29,1034
2020-02-01,2022-08-01,28,3,2.8490089512513013,0.10714285714285714,30,1034
2020-02-01,2022-09-01,28,3,12.483615047870854,0.10714285714285714,31,1034
2020-02-01,2022-10-01,28,4,14.894633034430228,0.14285714285714285,32,1034
2020-02-01,2022-11-01,28,4,12.850995903828682,0.14285714285714285,33,1034
2020-02-01,2022-12-01,28,6,19.32675568269552,0.21428571428571427,34,1034
2020-03-01,2020-03-01,18,18,16.24073935748157,1.0,0,1005
2020-03-01,2020-04-01,18,2,16.012619846743995,0.1111111111111111,1,1005
2020-03-01,2020-05-01,18,6,19.158855551292923,0.3333333333333333,2,1005
2020-03-01,2020-06-01,18,4,17.8437419405423,0.2222222222222222,3,1005
2020-03-01,2020-07-01,18,3,6.832281993444795,0.16666666666666666,4,1005
2020-03-01,2020-08-01,18,1,8.313829166059724,0.05555555555555555,5,1005
2020-03-01,2020-09-01,18,4,15.684534546882965,0.2222222222222222,6,1005
2020-03-01,2020-10-01,18,3,10.272787997155465,0.16666666666666666,7,1005
2020-03-01,2020-11-01,18,3,14.771384514374095,0.16666666666666666,8,1005
2020-03-01,2020-12-01,18,4,22.130663067569593,0.2222222222222222,9,1005
2020-03-01,2021-01-01,18,2,6.256812563497173,0.1111111111111111,10,1005
2020-03-01,2021-02-01,18,2,2.6794783210043294,0.1111111111111111,11,1005
2020-03-01,2021-03-01,18,4,22.309625826574933,0.2222222222222222,12,1005
2020-03-01,2021-04-01,18,5,26.23887337203361,0.2777777777777778,13,1005
2020-03-01,2021-05-01,18,3,12.606419038264375,0.16666666666666666,14,1005
2020-03-01,2021-06-01,18,3,8.004229995616159,0.16666666666666666,15,1005
2020-03-01,2021-07-01,18,2,7.65951330241766,0.1111111111111111,16,1005
2020-03-01,2021-08-01,18,2,4.5818375010079375,0.1111111111111111,17,1005
2020-03-01,2021-09-01,18,4,15.730552011911655,0.2222222222222222,18,1005
2020-03-01,2021-10-01,18,1,0.30383463349721074,0.05555555555555555,19,1005
2020-03-01,2021-11-01,18,3,8.507967650647377,0.16666666666666666,20,1005
2020-03-01,2021-12-01,18,1,6.004901275051391,0.05555555555555555,21,1005
2020-03-01,2022-01-01,18,4,13.686157298678784,0.2222222222222222,22,1005
2020-03-01,2022-02-01,18,3,6.532507649159066,0.16666666666666666,23,1005
2020-03-01,2022-03-01,18,3,9.936013658808552,0.16666666666666666,24,1005
2020-03-01,2022-04-01,18,1,0.2340619956422919,0.05555555555555555,25,1005
2020-03-01,2022-05-01,18,4,15.535480875761632,0.2222222222222222,26,1005
2020-03-01,2022-06-01,18,1,0.07793085400032233,0.05555555555555555,27,1005
2020-03-01,2022-07-01,18,3,16.643366005355674,0.16666666666666666,28,1005
2020-03-01,2022-08-01,18,2,5.953978076009129,0.1111111111111111,29,1005
2020-03-01,2022-09-01,18,3,10.474585435041517,0.16666666666666666,30,1005
2020-03-01,2022-10-01,18,0,0.0,0.0,31,1005
2020-03-01,2022-11-01,18,3,13.198924680091721,0.16666666666666666,32,1005
2020-03-01,2022-12-01,18,2,1.7815026466576556,0.1111111111111111,33,1005
2020-04-01,2020-04-01,84,84,114.5861661302264,1.0,0,974
2020-04-01,2020-05-01,84,23,99.92665791574451,0.27380952380952384,1,974
2020-04-01,2020-06-01,84,21,66.94743961452663,0.25,2,974
2020-04-01,2020-07-01,84,31,119.65961458613782,0.36904761904761907,3,974
2020-04-01,2020-08-01,84,21,100.99356099886333,0.25,4,974
2020-04-01,2020-09-01,84,21,67.8603300407259,0.25,5,974
2020-04-01,2020-10-01,84,25,129.5294402651466,0.2976190476190476,6,974
2020-04-01,2020-11-01,84,24,149.5258530527716,0.2857142857142857,7,974
2020-04-01,2020-12-01,84,17,75.80414185089577,0.20238095238095238,8,974
2020-04-01,2021-01-01,84,23,90.6779632428023,0.27380952380952384,9,974
2020-04-01,2021-02-01,84,19,79.36260432674536,0.2261904761904762,10,974
2020-04-01,2021-03-01,84,15,82.30950227641617,0.17857142857142858,11,974
2020-04-01,2021-04-01,84,17,66.49544336983851,0.20238095238095238,12,974
2020-04-01,2021-05-01,84,20,76.38288287893216,0.23809523809523808,13,974
2020-04-01,2021-06-01,84,18,67.99617245563346,0.21428571428571427,14,974
2020-04-01,2021-07-01,84,20,69.99751996402017,0.23809523809523808,15,974
2020-04-01,2021-08-01,84,17,69.98331411721568,0.20238095238095238,16,974
2020-04-01,2021-09-01,84,15,90.8056388900499,0.17857142857142858,17,974
2020-04-01,2021-10-01,84,15,88.70574439802724,0.17857142857142858,18,974
2020-04-01,2021-11-01,84,19,113.18618783123841,0.2261904761904762,19,974
2020-04-01,2021-12-01,84,20,95.91958374897091,0.23809523809523808,20,974
2020-04-01,2022-01-01,84,18,104.2547022312534,0.21428571428571427,21,974
2020-04-01,2022-02-01,84,18,78.79769515639329,0.21428571428571427,22,974
2020-04-01,2022-03-01,84,13,47.304846001232875,0.15476190476190477,23,974
2020-04-01,2022-04-01,84,17,60.84084668012835,0.20238095238095238,24,974
2020-04-01,2022-05-01,84,12,39.40779848502143,0.14285714285714285,25,974
2020-04-01,2022-06-01,84,14,66.7139535589152,0.16666666666666666,26,974
2020-04-01,2022-07-01,84,18,74.72566265322553,0.21428571428571427,27,974
2020-04-01,2022-08-01,84,14,58.08091651975077,0.16666666666666666,28,974
2020-04-01,2022-09-01,84,16,54.17593405431383,0.19047619047619047,29,974
2020-04-01,2022-10-01,84,11,40.03187582488151,0.13095238095238096,30,974
2020-04-01,2022-11-01,84,18,75.60714904492055,0.21428571428571427,31,974
2020-04-01,2022-12-01,84,11,44.6117895675018,0.13095238095238096,32,974
2020-05-01,2020-05-01,111,111,224.2234613199245,1.0,0,944
2020-05-01,2020-06-01,111,31,157.46759397312968,0.27927927927927926,1,944
2020-05-01,2020-07-01,111,39,182.09476630298084,0.35135135135135137,2,944
2020-05-01,2020-08-01,111,36,134.6569549059062,0.32432432432432434,3,944
2020-05-01,2020-09-01,111,36,179.26333473827884,0.32432432432432434,4,944
2020-05-01,2020-10-01,111,29,131.42474691126884,0.26126126126126126,5,944
2020-05-01,2020-11-01,111,29,153.44388327554412,0.26126126126126126,6,944
2020-05-01,2020-12-01,111,31,152.4739831321109,0.27927927927927926,7,944
2020-05-01,2021-01-01,111,30,143.36477340487886,0.2702702702702703,8,944
2020-05-01,2021-02-01,111,28,133.32954529243156,0.25225225225225223,9,944
2020-05-01,2021-03-01,111,29,130.5753684703409,0.26126126126126126,10,944
2020-05-01,2021-04-01,111,19,117.07451737869819,0.17117117117117117,11,944
2020-05-01,2021-05-01,111,27,152.6443585675354,0.24324324324324326,12,944
2020-05-01,2021-06-01,111,22,138.17082815388272,0.1981981981981982,13,944
2020-05-01,2021-07-01,111,26,131.18070560385368,0.23423423423423423,14,944
2020-05-01,2021-08-01,111,24,98.96465794053364,0.21621621621621623,15,944
2020-05-01,2021-09-01,111,21,100.46894595243819,0.1891891891891892,16,944
2020-05-01,2021-10-01,111,24,114.65072996977632,0.21621621621621623,17,944
2020-05-01,2021-11-01,111,17,80.77379565148922,0.15315315315315314,18,944
2020-05-01,2021-12-01,111,22,99.8929350991627,0.1981981981981982,19,944
2020-05-01,2022-01-01,111,13,46.45828293532565,0.11711711711711711,20,944
2020-05-01,2022-02-01,111,14,62.29186560894322,0.12612612612612611,21,944
2020-05-01,2022-03-01,111,22,97.09090212695136,0.1981981981981982,22,944
2020-05-01,2022-04-01,111,19,88.9113699560957,0.17117117117117117,23,944
2020-05-01,2022-05-01,111,16,51.53239805763385,0.14414414414414414,24,944
2020-05-01,2022-06-01,111,15,94.17466610727065,0.13513513513513514,25,944
2020-05-01,2022-07-01,111,16,78.7107770690945,0.14414414414414414,26,944
2020-05-01,2022-08-01,111,19,83.1978329591587,0.17117117117117117,27,944
2020-05-01,2022-09-01,111,14,65.48909213285178,0.12612612612612611,28,944
2020-05-01,2022-10-01,111,15,65.06150512450726,0.13513513513513514,29,944
2020-05-01,2022-11-01,111,12,71.79880898253947,0.10810810810810811,30,944
2020-05-01,2022-12-01,111,13,65.11108426525004,0.11711711711711711,31,944
2020-06-01,2020-06-01,67,67,58.23917880702682,1.0,0,913
2020-06-01,2020-07-01,67,20,145.24092612268353,0.29850746268656714,1,913
2020-06-01,2020-08-01,67,24,108.79156745991884,0.3582089552238806,2,913
2020-06-01,2020-09-01,67,25,95.83230386491758,0.373134328358209,3,913
2020-06-01,2020-10-01,67,14,84.56537353788187,0.208955223880597,4,913
2020-06-01,2020-11-01,67,14,51.467937320208335,0.208955223880597,5,913
2020-06-01,2020-12-01,67,13,63.66613288864551,0.19402985074626866,6,913
2020-06-01,2021-01-01,67,16,55.79916038291806,0.23880597014925373,7,913
2020-06-01,2021-02-01,67,17,112.74143572325977,0.2537313432835821,8,913
2020-06-01,2021-03-01,67,12,65.38748117923296,0.1791044776119403,9,913
2020-06-01,2021-04-01,67,17,77.97216004135672,0.2537313432835821,10,913
2020-06-01,2021-05-01,67,10,30.698425490036275,0.14925373134328357,11,913
2020-06-01,2021-06-01,67,11,39.35502532614291,0.16417910447761194,12,913
2020-06-01,2021-07-01,67,18,69.9418793201502,0.26865671641791045,13,913
2020-06-01,2021-08-01,67,9,63.38902214115266,0.13432835820895522,14,913
2020-06-01,2021-09-01,67,15,70.5189113497419,0.22388059701492538,15,913
2020-06-01,2021-10-01,67,10,38.37321287113744,0.14925373134328357,16,913
2020-06-01,2021-11-01,67,12,40.90796200247163,0.1791044776119403,17,913
2020-06-01,2021-12-01,67,10,38.451518337703085,0.14925373134328357,18,913
2020-06-01,2022-01-01,67,13,57.273549708974954,0.19402985074626866,19,913
2020-06-01,2022-02-01,67,10,79.7086139553803,0.14925373134328357,20,913
2020-06-01,2022-03-01,67,14,42.601924265960925,0.208955223880597,21,913
2020-06-01,2022-04-01,67,11,45.37294684922413,0.16417910447761194,22,913
2020-06-01,2022-05-01,67,13,107.90932864677784,0.19402985074626866,23,913
2020-06-01,2022-06-01,67,13,55.46075372576775,0.19402985074626866,24,913
2020-06-01,2022-07-01,67,8,54.50205502901249,0.11940298507462686,25,913
2020-06-01,2022-08-01,67,14,58.77903186183553,0.208955223880597,26,913
2020-06-01,2022-09-01,67,8,27.77136170985498,0.11940298507462686,27,913
2020-06-01,2022-10-01,67,9,34.26364299431527,0.13432835820895522,28,913
2020-06-01,2022-11-01,67,15,78.22413121042345,0.22388059701492538,29,913
2020-06-01,2022-12-01,67,10,44.70037129090264,0.14925373134328357,30,913
2020-07-01,2020-07-01,349,349,492.61296719784417,1.0,0,883
2020-07-01,2020-08-01,349,109,435.2411085267392,0.3123209169054441,1,883
2020-07-01,2020-09-01,349,106,476.81158776412695,0.3037249283667622,2,883
2020-07-01,2020-10-01,349,99,362.5029546883795,0.2836676217765043,3,883
2020-07-01,2020-11-01,349,96,358.9066476861158,0.27507163323782235,4,883
2020-07-01,2020-12-01,349,72,287.1152997520553,0.20630372492836677,5,883
2020-07-01,2021-01-01,349,92,410.3735557962252,0.2636103151862464,6,883
2020-07-01,2021-02-01,349,85,425.70753570743676,0.24355300859598855,7,883
2020-07-01,2021-03-01,349,74,242.27642816832773,0.21203438395415472,8,883
2020-07-01,2021-04-01,349,76,304.29883185552654,0.2177650429799427,9,883
2020-07-01,2021-05-01,349,85,332.6278882729242,0.24355300859598855,10,883
2020-07-01,2021-06-01,349,87,312.83678309931906,0.2492836676217765,11,883
2020-07-01,2021-07-01,349,57,233.62786363380613,0.16332378223495703,12,883
2020-07-01,2021-08-01,349,60,236.95267967500928,0.17191977077363896,13,883
2020-07-01,2021-09-01,349,71,303.84801457439465,0.2034383954154728,14,883
2020-07-01,2021-10-01,349,70,256.04851986622964,0.20057306590257878,15,883
2020-07-01,2021-11-01,349,69,269.2053884231982,0.1977077363896848,16,883
2020-07-01,2021-12-01,349,60,241.69333232369323,0.17191977077363896,17,883
2020-07-01,2022-01-01,349,62,272.4617725784108,0.17765042979942694,18,883
2020-07-01,2022-02-01,349,68,277.4785669351397,0.19484240687679083,19,883
2020-07-01,2022-03-01,349,54,244.67573280487338,0.15472779369627507,20,883
2020-07-01,2022-04-01,349,59,212.13060911043166,0.16905444126074498,21,883
2020-07-01,2022-05-01,349,68,252.9875152105801,0.19484240687679083,22,883
2020-07-01,2022-06-01,349,51,215.70485712150528,0.14613180515759314,23,883
2020-07-01,2022-07-01,349,54,203.4764743273202,0.15472779369627507,24,883
2020-07-01,2022-08-01,349,52,237.91723622286625,0.1489971346704871,25,883
2020-07-01,2022-09-01,349,61,208.64023502932835,0.17478510028653296,26,883
2020-07-01,2022-10-01,349,46,193.44026512790296,0.1318051575931232,27,883
2020-07-01,2022-11-01,349,50,244.08327801063473,0.14326647564469913,28,883
2020-07-01,2022-12-01,349,49,156.86291396481064,0.14040114613180515,29,883
2020-08-01,2020-08-01,6,6,6.106157815995199,1.0,0,852
2020-08-01,2020-09-01,6,4,24.20394172317559,0.6666666666666666,1,852
2020-08-01,2020-10-01,6,1,7.7565466939637275,0.16666666666666666,2,852
2020-08-01,2020-11-01,6,1,6.320794659037073,0.16666666666666666,3,852
2020-08-01,2020-12-01,6,3,15.310599798184997,0.5,4,852
2020-08-01,2021-01-01,6,3,20.960327492452514,0.5,5,852
2020-08-01,2021-02-01,6,1,3.8057864509461554,0.16666666666666666,6,852
2020-08-01,2021-03-01,6,3,8.367647438061889,0.5,7,852
2020-08-01,2021-04-01,6,1,3.4801760277890454,0.16666666666666666,8,852
2020-08-01,2021-05-01,6,2,7.861933599412387,0.3333333333333333,9,852
2020-08-01,2021-06-01,6,3,23.785170491038336,0.5,10,852
2020-08-01,2021-07-01,6,2,8.405679496958324,0.3333333333333333,11,852
2020-08-01,2021-08-01,6,0,0.0,0.0,12,852
2020-08-01,2021-09-01,6,1,5.480791998332524,0.16666666666666666,13,852
2020-08-01,2021-10-01,6,2,7.241923295144044,0.3333333333333333,14,852
2020-08-01,2021-11-01,6,2,10.732857469029705,0.3333333333333333,15,852
2020-08-01,2021-12-01,6,2,13.13882703692358,0.3333333333333333,16,852
2020-08-01,2022-01-01,6,0,0.0,0.0,17,852
2020-08-01,2022-02-01,6,1,3.4746669367451104,0.16666666666666666,18,852
2020-08-01,2022-03-01,6,1,7.5782750867479916,0.16666666666666666,19,852
2020-08-01,2022-04-01,6,2,7.308054074068967,0.3333333333333333,20,852
2020-08-01,2022-05-01,6,1,4.067403532623113,0.16666666666666666,21,852
2020-08-01,2022-06-01,6,0,0.0,0.0,22,852
2020-08-01,2022-07-01,6,0,0.0,0.0,23,852
2020-08-01,2022-08-01,6,0,0.0,0.0,24,852
2020-08-01,2022-09-01,6,1,6.451579404816748,0.16666666666666666,25,852
2020-08-01,2022-10-01,6,0,0.0,0.0,26,852
2020-08-01,2022-11-01,6,1,4.558946517827089,0.16666666666666666,27,852
2020-08-01,2022-12-01,6,1,1.5531122738266179,0.16666666666666666,28,852
2020-09-01,2020-09-01,38,38,76.46880747404731,1.0,0,821
2020-09-01,2020-10-01,38,11,55.32498781976131,0.2894736842105263,1,821
2020-09-01,2020-11-01,38,9,50.00287024958422,0.23684210526315788,2,821
2020-09-01,2020-12-01,38,10,39.70781373727794,0.2631578947368421,3,821
2020-09-01,2021-01-01,38,12,51.36169101933412,0.3157894736842105,4,821
2020-09-01,2021-02-01,38,11,51.59020643892876,0.2894736842105263,5,821
2020-09-01,2021-03-01,38,12,62.92752311846025,0.3157894736842105,6,821
2020-09-01,2021-04-01,38,11,60.132787311560904,0.2894736842105263,7,821
2020-09-01,2021-05-01,38,9,35.4708382041528,0.23684210526315788,8,821
2020-09-01,2021-06-01,38,9,48.260084959024496,0.23684210526315788,9,821
2020-09-01,2021-07-01,38,9,33.04664933929124,0.23684210526315788,10,821
2020-09-01,2021-08-01,38,8,22.010689410319962,0.21052631578947367,11,821
2020-09-01,2021-09-01,38,7,27.853375990944635,0.18421052631578946,12,821
2020-09-01,2021-10-01,38,5,20.807011523505807,0.13157894736842105,13,821
2020-09-01,2021-11-01,38,5,19.818907930737257,0.13157894736842105,14,821
2020-09-01,2021-12-01,38,7,38.77650248095773,0.18421052631578946,15,821
2020-09-01,2022-01-01,38,6,23.650991122733696,0.15789473684210525,16,821
2020-09-01,2022-02-01,38,9,34.2091552071546,0.23684210526315788,17,821
2020-09-01,2022-03-01,38,5,35.62859778462547,0.13157894736842105,18,821
2020-09-01,2022-04-01,38,8,24.975165463094175,0.21052631578947367,19,821
2020-09-01,2022-05-01,38,6,27.531752151857933,0.15789473684210525,20,821
2020-09-01,2022-06-01,38,8,30.906205409933776,0.21052631578947367,21,821
2020-09-01,2022-07-01,38,5,18.121422897033064,0.13157894736842105,22,821
2020-09-01,2022-08-01,38,4,25.597089661998787,0.10526315789473684,23,821
2020-09-01,2022-09-01,38,7,28.774656699411697,0.18421052631578946,24,821
2020-09-01,2022-10-01,38,5,38.30099970950152,0.13157894736842105,25,821
2020-09-01,2022-11-01,38,9,37.26755960946198,0.23684210526315788,26,821
2020-09-01,2022-12-01,38,4,16.27139536818177,0.10526315789473684,27,821
2020-10-01,2020-10-01,26,26,28.5441948025385,1.0,0,791
2020-10-01,2020-11-01,26,11,34.96555115783189,0.4230769230769231,1,791
2020-10-01,2020-12-01,26,6,8.66336407001138,0.23076923076923078,2,791
2020-10-01,2021-01-01,26,6,34.51271567563821,0.23076923076923078,3,791
2020-10-01,2021-02-01,26,6,18.856145702656576,0.23076923076923078,4,791
2020-10-01,2021-03-01,26,2,1.5901463806403284,0.07692307692307693,5,791
2020-10-01,2021-04-01,26,7,33.06984961855516,0.2692307692307692,6,791
2020-10-01,2021-05-01,26,2,2.620585028331263,0.07692307692307693,7,791
2020-10-01,2021-06-01,26,4,17.853093969820527,0.15384615384615385,8,791
2020-10-01,2021-07-01,26,2,8.829514173768342,0.07692307692307693,9,791
2020-10-01,2021-08-01,26,3,14.54775176330573,0.11538461538461539,10,791
2020-10-01,2021-09-01,26,4,16.017185391214753,0.15384615384615385,11,791
2020-10-01,2021-10-01,26,3,14.23067363595094,0.11538461538461539,12,791
2020-10-01,2021-11-01,26,0,0.0,0.0,13,791
2020-10-01,2021-12-01,26,3,9.448762525059538,0.11538461538461539,14,791
2020-10-01,2022-01-01,26,4,18.432091040662442,0.15384615384615385,15,791
2020-10-01,2022-02-01,26,2,2.406007521797739,0.07692307692307693,16,791
2020-10-01,2022-03-01,26,3,11.925772758909385,0.11538461538461539,17,791
2020-10-01,2022-04-01,26,5,26.211702604794446,0.19230769230769232,18,791
2020-10-01,2022-05-01,26,3,13.385292020178145,0.11538461538461539,19,791
2020-10-01,2022-06-01,26,3,16.074035067409632,0.11538461538461539,20,791
2020-10-01,2022-07-01,26,3,7.2962538473586225,0.11538461538461539,21,791
2020-10-01,2022-08-01,26,3,7.669006196856834,0.11538461538461539,22,791
2020-10-01,2022-09-01,26,3,14.863820524958346,0.11538461538461539,23,791
2020-10-01,2022-10-01,26,6,13.376872239967811,0.23076923076923078,24,791
2020-10-01,2022-11-01,26,3,14.247742359636273,0.11538461538461539,25,791
2020-10-01,2022-12-01,26,4,10.726281168847315,0.15384615384615385,26,791
2020-11-01,2020-11-01,70,70,102.86216337598972,1.0,0,760
2020-11-01,2020-12-01,70,13,54.70963280184612,0.18571428571428572,1,760
2020-11-01,2021-01-01,70,21,87.55369128653456,0.3,2,760
2020-11-01,2021-02-01,70,13,51.53953364485155,0.18571428571428572,3,760
2020-11-01,2021-03-01,70,17,77.17174068967526,0.24285714285714285,4,760
2020-11-01,2021-04-01,70,12,38.68701544785596,0.17142857142857143,5,760
2020-11-01,2021-05-01,70,28,98.64545958473828,0.4,6,760
2020-11-01,2021-06-01,70,21,84.69452625422305,0.3,7,760
2020-11-01,2021-07-01,70,13,46.223130217972205,0.18571428571428572,8,760
2020-11-01,2021-08-01,70,10,39.18469448707993,0.14285714285714285,9,760
2020-11-01,2021-09-01,70,19,61.009946961137075,0.2714285714285714,10,760
2020-11-01,2021-10-01,70,10,31.86712009927631,0.14285714285714285,11,760
2020-11-01,2021-11-01,70,10,27.114792844144493,0.14285714285714285,12,760
2020-11-01,2021-12-01,70,11,45.876706637796296,0.15714285714285714,13,760
2020-11-01,2022-01-01,70,14,45.99731731113251,0.2,14,760
2020-11-01,2022-02-01,70,18,55.796375988295225,0.2571428571428571,15,760
2020-11-01,2022-03-01,70,13,56.86810944435039,0.18571428571428572,16,760
2020-11-01,2022-04-01,70,12,49.115078536637434,0.17142857142857143,17,760
2020-11-01,2022-05-01,70,10,62.49241624623422,0.14285714285714285,18,760
2020-11-01,2022-06-01,70,14,31.363467891423813,0.2,19,760
2020-11-01,2022-07-01,70,16,63.6211976891278,0.22857142857142856,20,760
2020-11-01,2022-08-01,70,13,42.35859952666824,0.18571428571428572,21,760
2020-11-01,2022-09-01,70,10,35.08027879353792,0.14285714285714285,22,760
2020-11-01,2022-10-01,70,11,32.75339680005239,0.15714285714285714,23,760
2020-11-01,2022-11-01,70,16,60.477209596501346,0.22857142857142856,24,760
2020-11-01,2022-12-01,70,12,49.25500044078643,0.17142857142857143,25,760
2020-12-01,2020-12-01,23,23,32.51106479106257,1.0,0,730
2020-12-01,2021-01-01,23,12,35.54813204269825,0.5217391304347826,1,730
2020-12-01,2021-02-01,23,7,27.78938886154387,0.30434782608695654,2,730
2020-12-01,2021-03-01,23,9,80.9212335544694,0.391304347826087,3,730
2020-12-01,2021-04-01,23,8,59.441358452921094,0.34782608695652173,4,730
2020-12-01,2021-05-01,23,4,38.743193415264365,0.17391304347826086,5,730
2020-12-01,2021-06-01,23,4,30.457828715745713,0.17391304347826086,6,730
2020-12-01,2021-07-01,23,2,10.9711209574132,0.08695652173913043,7,730
2020-12-01,2021-08-01,23,2,8.847892704686094,0.08695652173913043,8,730
2020-12-01,2021-09-01,23,5,16.689492535315004,0.21739130434782608,9,730
2020-12-01,2021-10-01,23,4,21.6454027997396,0.17391304347826086,10,730
2020-12-01,2021-11-01,23,3,11.643430442406856,0.13043478260869565,11,730
2020-12-01,2021-12-01,23,2,22.6013594146957,0.08695652173913043,12,730
2020-12-01,2022-01-01,23,1,2.149468302896207,0.043478260869565216,13,730
2020-12-01,2022-02-01,23,4,38.694905273202416,0.17391304347826086,14,730
2020-12-01,2022-03-01,23,5,24.635656273313277,0.21739130434782608,15,730
2020-12-01,2022-04-01,23,3,13.809747936442095,0.13043478260869565,16,730
2020-12-01,2022-05-01,23,3,16.47581280690101,0.13043478260869565,17,730
2020-12-01,2022-06-01,23,1,0.29579374300329736,0.043478260869565216,18,730
2020-12-01,2022-07-01,23,2,15.431978585903005,0.08695652173913043,19,730
2020-12-01,2022-08-01,23,3,7.956576962072248,0.13043478260869565,20,730
2020-12-01,2022-09-01,23,1,7.3785317503090555,0.043478260869565216,21,730
2020-12-01,2022-10-01,23,2,8.039183579507775,0.08695652173913043,22,730
2020-12-01,2022-11-01,23,1,6.0130586101783745,0.043478260869565216,23,730
2020-12-01,2022-12-01,23,1,7.874829835405777,0.043478260869565216,24,730
2021-01-01,2021-01-01,138,138,173.314126813469,1.0,0,699
2021-01-01,2021-02-01,138,51,222.62328001130533,0.3695652173913043,1,699
2021-01-01,2021-03-01,138,42,166.26033547683707,0.30434782608695654,2,699
2021-01-01,2021-04-01,138,34,156.65612241855993,0.2463768115942029,3,699
2021-01-01,2021-05-01,138,32,141.6096952005795,0.2318840579710145,4,699
2021-01-01,2021-06-01,138,33,124.59682096053731,0.2391304347826087,5,699
2021-01-01,2021-07-01,138,30,123.93105124088783,0.21739130434782608,6,699
2021-01-01,2021-08-01,138,30,121.68247544175433,0.21739130434782608,7,699
2021-01-01,2021-09-01,138,27,90.473322520134,0.1956521739130435,8,699
2021-01-01,2021-10-01,138,25,119.9253104707169,0.18115942028985507,9,699
2021-01-01,2021-11-01,138,22,96.51874887696906,0.15942028985507245,10,699
2021-01-01,2021-12-01,138,27,125.47295181054203,0.1956521739130435,11,699
2021-01-01,2022-01-01,138,25,106.89505970977955,0.18115942028985507,12,699
2021-01-01,2022-02-01,138,25,104.16205813402969,0.18115942028985507,13,699
2021-01-01,2022-03-01,138,19,105.16391835444125,0.13768115942028986,14,699
2021-01-01,2022-04-01,138,22,111.47054173229944,0.15942028985507245,15,699
2021-01-01,2022-05-01,138,21,77.67319881162484,0.15217391304347827,16,699
2021-01-01,2022-06-01,138,22,104.01410084085498,0.15942028985507245,17,699
2021-01-01,2022-07-01,138,17,77.21508255140608,0.12318840579710146,18,699
2021-01-01,2022-08-01,138,21,87.83905905879621,0.15217391304347827,19,699
2021-01-01,2022-09-01,138,15,43.5001323941413,0.10869565217391304,20,699
2021-01-01,2022-10-01,138,19,65.7928122351682,0.13768115942028986,21,699
2021-01-01,2022-11-01,138,14,55.85119485599858,0.10144927536231885,22,699
2021-01-01,2022-12-01,138,14,67.09331300881912,0.10144927536231885,23,699
2021-02-01,2021-02-01,44,44,78.66077413896215,1.0,0,668
2021-02-01,2021-03-01,44,11,44.032818958327,0.25,1,668
2021-02-01,2021-04-01,44,17,71.84642444510985,0.38636363636363635,2,668
2021-02-01,2021-05-01,44,18,61.98131326804333,0.4090909090909091,3,668
2021-02-01,2021-06-01,44,12,70.05125201313348,0.2727272727272727,4,668
2021-02-01,2021-07-01,44,12,44.08606069736902,0.2727272727272727,5,668
2021-02-01,2021-08-01,44,12,55.78171197720979,0.2727272727272727,6,668
2021-02-01,2021-09-01,44,7,31.649662098369937,0.1590909090909091,7,668
2021-02-01,2021-10-01,44,14,75.33977395453074,0.3181818181818182,8,668
2021-02-01,2021-11-01,44,9,27.882696212391142,0.20454545454545456,9,668
2021-02-01,2021-12-01,44,11,43.05366638359888,0.25,10,668
2021-02-01,2022-01-01,44,11,71.2575964335703,0.25,11,668
2021-02-01,2022-02-01,44,14,56.819162670634356,0.3181818181818182,12,668
2021-02-01,2022-03-01,44,10,57.799354089094216,0.22727272727272727,13,668
2021-02-01,2022-04-01,44,9,51.53545896526068,0.20454545454545456,14,668
2021-02-01,2022-05-01,44,8,55.865321620216505,0.18181818181818182,15,668
2021-02-01,2022-06-01,44,7,49.86133999308043,0.1590909090909091,16,668
2021-02-01,2022-07-01,44,9,40.88767865530591,0.20454545454545456,17,668
2021-02-01,2022-08-01,44,7,46.996877540390464,0.1590909090909091,18,668
2021-02-01,2022-09-01,44,4,24.46889633681661,0.09090909090909091,19,668
2021-02-01,2022-10-01,44,5,11.315607968895565,0.11363636363636363,20,668
2021-02-01,2022-11-01,44,6,27.61300629060172,0.13636363636363635,21,668
2021-02-01,2022-12-01,44,9,41.00226424400922,0.20454545454545456,22,668
2021-03-01,2021-03-01,360,360,663.6878453257867,1.0,0,640
2021-03-01,2021-04-01,360,111,429.48902221063594,0.30833333333333335,1,640
2021-03-01,2021-05-01,360,129,543.3883564734996,0.35833333333333334,2,640
2021-03-01,2021-06-01,360,111,477.0477204048612,0.30833333333333335,3,640
2021-03-01,2021-07-01,360,109,404.3655322842653,0.30277777777777776,4,640
2021-03-01,2021-08-01,360,97,438.4240895332114,0.26944444444444443,5,640
2021-03-01,2021-09-01,360,86,366.9838460614585,0.2388888888888889,6,640
2021-03-01,2021-10-01,360,82,346.4108811120892,0.22777777777777777,7,640
2021-03-01,2021-11-01,360,77,306.62634159459503,0.21388888888888888,8,640
2021-03-01,2021-12-01,360,86,389.25643498651215,0.2388888888888889,9,640
2021-03-01,2022-01-01,360,77,349.2558339030034,0.21388888888888888,10,640
2021-03-01,2022-02-01,360,72,325.5357972025637,0.2,11,640
2021-03-01,2022-03-01,360,76,348.17390259224527,0.2111111111111111,12,640
2021-03-01,2022-04-01,360,65,241.54824806236132,0.18055555555555555,13,640
2021-03-01,2022-05-01,360,57,252.89782518580228,0.15833333333333333,14,640
2021-03-01,2022-06-01,360,64,271.60989306179897,0.17777777777777778,15,640
2021-03-01,2022-07-01,360,49,199.83374533153292,0.1361111111111111,16,640
2021-03-01,2022-08-01,360,58,219.01766603593654,0.16111111111111112,17,640
2021-03-01,2022-09-01,360,49,185.92691518480413,0.1361111111111111,18,640
2021-03-01,2022-10-01,360,61,247.10891090277667,0.16944444444444445,19,640
2021-03-01,2022-11-01,360,55,204.28714596818466,0.1527777777777778,20,640
2021-03-01,2022-12-01,360,62,247.2789538347953,0.17222222222222222,21,640
2021-04-01,2021-04-01,184,184,299.1160186554394,1.0,0,609
2021-04-01,2021-05-01,184,54,256.8433556249907,0.29347826086956524,1,609
2021-04-01,2021-06-01,184,56,210.72033828554805,0.30434782608695654,2,609
2021-04-01,2021-07-01,184,50,206.8894381213202,0.2717391304347826,3,609
2021-04-01,2021-08-01,184,54,246.6864909731962,0.29347826086956524,4,609
2021-04-01,2021-09-01,184,47,205.79374405069694,0.2554347826086957,5,609
2021-04-01,2021-10-01,184,46,205.03997779773235,0.25,6,609
2021-04-01,2021-11-01,184,43,189.79788836768617,0.23369565217391305,7,609
2021-04-01,2021-12-01,184,48,239.04418530320171,0.2608695652173913,8,609
2021-04-01,2022-01-01,184,39,137.53066051511962,0.21195652173913043,9,609
2021-04-01,2022-02-01,184,39,178.42003656248124,0.21195652173913043,10,609
2021-04-01,2022-03-01,184,36,164.73013567047627,0.1956521739130435,11,609
2021-04-01,2022-04-01,184,38,163.81415151652394,0.20652173913043478,12,609
2021-04-01,2022-05-01,184,39,194.4421592505412,0.21195652173913043,13,609
2021-04-01,2022-06-01,184,40,189.67688449113132,0.21739130434782608,14,609
2021-04-01,2022-07-01,184,39,177.41476963153306,0.21195652173913043,15,609
2021-04-01,2022-08-01,184,48,271.75547050223867,0.2608695652173913,16,609
2021-04-01,2022-09-01,184,36,137.09528679892162,0.1956521739130435,17,609
2021-04-01,2022-10-01,184,39,247.41618832734704,0.21195652173913043,18,609
2021-04-01,2022-11-01,184,40,155.4051661748663,0.21739130434782608,19,609
2021-04-01,2022-12-01,184,36,156.65187345617693,0.1956521739130435,20,609
2021-05-01,2021-05-01,235,235,283.57409824571636,1.0,0,579
2021-05-01,2021-06-01,235,65,250.51814496399112,0.2765957446808511,1,579
2021-05-01,2021-07-01,235,67,304.17173123058933,0.2851063829787234,2,579
2021-05-01,2021-08-01,235,59,234.43833863675863,0.251063829787234,3,579
2021-05-01,2021-09-01,235,70,290.4287886907013,0.2978723404255319,4,579
2021-05-01,2021-10-01,235,67,276.21641400760353,0.2851063829787234,5,579
2021-05-01,2021-11-01,235,60,319.23748258585056,0.2553191489361702,6,579
2021-05-01,2021-12-01,235,56,254.7999437758927,0.23829787234042554,7,579
2021-05-01,2022-01-01,235,51,228.58165379731525,0.2170212765957447,8,579
2021-05-01,2022-02-01,235,59,299.1089462185358,0.251063829787234,9,579
2021-05-01,2022-03-01,235,57,258.7531604029056,0.2425531914893617,10,579
2021-05-01,2022-04-01,235,54,218.29942182273612,0.2297872340425532,11,579
2021-05-01,2022-05-01,235,50,196.2552300269483,0.2127659574468085,12,579
2021-05-01,2022-06-01,235,42,173.39630668092198,0.17872340425531916,13,579
2021-05-01,2022-07-01,235,40,180.9189264084555,0.1702127659574468,14,579
2021-05-01,2022-08-01,235,52,231.03708669133806,0.22127659574468084,15,579
2021-05-01,2022-09-01,235,47,203.4600181824554,0.2,16,579
2021-05-01,2022-10-01,235,40,225.40316262434965,0.1702127659574468,17,579
2021-05-01,2022-11-01,235,39,135.54403894926298,0.16595744680851063,18,579
2021-05-01,2022-12-01,235,38,170.81309790700465,0.16170212765957448,19,579
2021-06-01,2021-06-01,496,496,853.9869372613744,1.0,0,548
2021-06-01,2021-07-01,496,152,602.0293227272264,0.3064516129032258,1,548
2021-06-01,2021-08-01,496,152,674.5818579358603,0.3064516129032258,2,548
2021-06-01,2021-09-01,496,151,599.4847537547089,0.30443548387096775,3,548
2021-06-01,2021-10-01,496,137,564.8868632725067,0.2762096774193548,4,548
2021-06-01,2021-11-01,496,125,546.7424310285818,0.25201612903225806,5,548
2021-06-01,2021-12-01,496,114,527.8553532754382,0.22983870967741934,6,548
2021-06-01,2022-01-01,496,127,612.931155546146,0.2560483870967742,7,548
2021-06-01,2022-02-01,496,119,563.2611454958632,0.2399193548387097,8,548
2021-06-01,2022-03-01,496,102,465.286319630149,0.2056451612903226,9,548
2021-06-01,2022-04-01,496,94,489.76118423763495,0.18951612903225806,10,548
2021-06-01,2022-05-01,496,112,556.0373597862757,0.22580645161290322,11,548
2021-06-01,2022-06-01,496,88,408.39474796044954,0.1774193548387097,12,548
2021-06-01,2022-07-01,496,97,490.7703227583805,0.19556451612903225,13,548
2021-06-01,2022-08-01,496,92,458.8857464924836,0.18548387096774194,14,548
2021-06-01,2022-09-01,496,91,377.29900784974654,0.18346774193548387,15,548
2021-06-01,2022-10-01,496,93,431.62986595932455,0.1875,16,548
2021-06-01,2022-11-01,496,82,374.1632669400747,0.16532258064516128,17,548
2021-06-01,2022-12-01,496,82,399.9442026071583,0.16532258064516128,18,548
2021-07-01,2021-07-01,190,190,297.9616511675492,1.0,0,518
2021-07-01,2021-08-01,190,68,293.8871367786441,0.35789473684210527,1,518
2021-07-01,2021-09-01,190,68,266.42657551890056,0.35789473684210527,2,518
2021-07-01,2021-10-01,190,58,244.17503842789515,0.30526315789473685,3,518
2021-07-01,2021-11-01,190,55,206.79655427874957,0.2894736842105263,4,518
2021-07-01,2021-12-01,190,48,217.93895233057748,0.25263157894736843,5,518
2021-07-01,2022-01-01,190,44,169.83237002822952,0.23157894736842105,6,518
2021-07-01,2022-02-01,190,50,237.25021967749237,0.2631578947368421,7,518
2021-07-01,2022-03-01,190,50,219.684756925665,0.2631578947368421,8,518
2021-07-01,2022-04-01,190,50,215.8002630774102,0.2631578947368421,9,518
2021-07-01,2022-05-01,190,57,243.93184709159405,0.3,10,518
2021-07-01,2022-06-01,190,37,118.53896485417347,0.19473684210526315,11,518
2021-07-01,2022-07-01,190,35,173.75899296108244,0.18421052631578946,12,518
2021-07-01,2022-08-01,190,34,145.66035426905327,0.17894736842105263,13,518
2021-07-01,2022-09-01,190,45,170.33395696085168,0.23684210526315788,14,518
2021-07-01,2022-10-01,190,41,167.20412242120366,0.21578947368421053,15,518
2021-07-01,2022-11-01,190,36,145.63461835576334,0.18947368421052632,16,518
2021-07-01,2022-12-01,190,47,226.96026150069875,0.24736842105263157,17,518
2021-08-01,2021-08-01,11,11,11.29281064722211,1.0,0,487
2021-08-01,2021-09-01,11,1,1.6792397459986899,0.09090909090909091,1,487
2021-08-01,2021-10-01,11,2,12.64977309379332,0.18181818181818182,2,487
2021-08-01,2021-11-01,11,2,5.173401526875163,0.18181818181818182,3,487
2021-08-01,2021-12-01,11,2,5.204371302831485,0.18181818181818182,4,487
2021-08-01,2022-01-01,11,3,8.215566650483842,0.2727272727272727,5,487
2021-08-01,2022-02-01,11,2,12.545571981118611,0.18181818181818182,6,487
2021-08-01,2022-03-01,11,3,9.343950333283512,0.2727272727272727,7,487
2021-08-01,2022-04-01,11,4,12.696616718011478,0.36363636363636365,8,487
2021-08-01,2022-05-01,11,2,1.4815019918235703,0.18181818181818182,9,487
2021-08-01,2022-06-01,11,3,14.522579263558798,0.2727272727272727,10,487
2021-08-01,2022-07-01,11,4,5.749828702352923,0.36363636363636365,11,487
2021-08-01,2022-08-01,11,1,0.9408578533859783,0.09090909090909091,12,487
2021-08-01,2022-09-01,11,4,9.313758655405305,0.36363636363636365,13,487
2021-08-01,2022-10-01,11,1,1.8109097810941948,0.09090909090909091,14,487
2021-08-01,2022-11-01,11,3,6.681179015295573,0.2727272727272727,15,487
2021-08-01,2022-12-01,11,4,13.323751159710003,0.36363636363636365,16,487
2021-09-01,2021-09-01,76,76,132.13271381933453,1.0,0,456
2021-09-01,2021-10-01,76,24,111.6404071068011,0.3157894736842105,1,456
2021-09-01,2021-11-01,76,20,135.10231645924708,0.2631578947368421,2,456
2021-09-01,2021-12-01,76,24,110.31044135081713,0.3157894736842105,3,456
2021-09-01,2022-01-01,76,24,117.20350191972958,0.3157894736842105,4,456
2021-09-01,2022-02-01,76,17,93.5688955150551,0.2236842105263158,5,456
2021-09-01,2022-03-01,76,20,76.47746326751086,0.2631578947368421,6,456
2021-09-01,2022-04-01,76,15,57.810656251408055,0.19736842105263158,7,456
2021-09-01,2022-05-01,76,25,97.46926365572268,0.32894736842105265,8,456
2021-09-01,2022-06-01,76,16,63.47929187263704,0.21052631578947367,9,456
2021-09-01,2022-07-01,76,18,63.578609712204006,0.23684210526315788,10,456
2021-09-01,2022-08-01,76,18,85.94329210770186,0.23684210526315788,11,456
2021-09-01,2022-09-01,76,19,100.2346425289041,0.25,12,456
2021-09-01,2022-10-01,76,17,93.1565529199825,0.2236842105263158,13,456
2021-09-01,2022-11-01,76,13,77.79009680091292,0.17105263157894737,14,456
2021-09-01,2022-12-01,76,17,74.20854878261402,0.2236842105263158,15,456
2021-10-01,2021-10-01,566,566,888.3071384817179,1.0,0,426
2021-10-01,2021-11-01,566,176,705.6455946659682,0.31095406360424027,1,426
2021-10-01,2021-12-01,566,165,700.1641131253721,0.2915194346289753,2,426
2021-10-01,2022-01-01,566,158,652.0091184561343,0.2791519434628975,3,426
2021-10-01,2022-02-01,566,160,698.1918097291282,0.2826855123674912,4,426
2021-10-01,2022-03-01,566,141,650.4330806732131,0.24911660777385158,5,426
2021-10-01,2022-04-01,566,132,576.3232394225962,0.2332155477031802,6,426
2021-10-01,2022-05-01,566,125,574.6555718128147,0.22084805653710246,7,426
2021-10-01,2022-06-01,566,126,592.9655984774499,0.2226148409893993,8,426
2021-10-01,2022-07-01,566,126,575.6235651997574,0.2226148409893993,9,426
2021-10-01,2022-08-01,566,115,518.4206632194059,0.20318021201413428,10,426
2021-10-01,2022-09-01,566,124,549.4953953951491,0.21908127208480566,11,426
2021-10-01,2022-10-01,566,111,499.1534763541978,0.196113074204947,12,426
2021-10-01,2022-11-01,566,109,485.13578553302204,0.19257950530035337,13,426
2021-10-01,2022-12-01,566,101,510.2412516432944,0.1784452296819788,14,426
2021-11-01,2021-11-01,396,396,578.5713850244554,1.0,0,395
2021-11-01,2021-12-01,396,117,530.0716861529429,0.29545454545454547,1,395
2021-11-01,2022-01-01,396,126,492.64262236877977,0.3181818181818182,2,395
2021-11-01,2022-02-01,396,114,475.61361238295393,0.2878787878787879,3,395
2021-11-01,2022-03-01,396,110,463.311089427696,0.2777777777777778,4,395
2021-11-01,2022-04-01,396,123,442.92326751051775,0.3106060606060606,5,395
2021-11-01,2022-05-01,396,98,445.14734559828304,0.2474747474747475,6,395
2021-11-01,2022-06-01,396,95,422.66667182454864,0.2398989898989899,7,395
2021-11-01,2022-07-01,396,94,426.8757491939154,0.23737373737373738,8,395
2021-11-01,2022-08-01,396,96,458.37132725147245,0.24242424242424243,9,395
2021-11-01,2022-09-01,396,92,386.8777622987778,0.23232323232323232,10,395
2021-11-01,2022-10-01,396,81,405.25118176250885,0.20454545454545456,11,395
2021-11-01,2022-11-01,396,80,389.9326717742488,0.20202020202020202,12,395
2021-11-01,2022-12-01,396,95,409.2971956894595,0.2398989898989899,13,395
2021-12-01,2021-12-01,484,484,683.3915674940987,1.0,0,365
2021-12-01,2022-01-01,484,159,732.7862503156449,0.3285123966942149,1,365
2021-12-01,2022-02-01,484,148,569.9631703723555,0.30578512396694213,2,365
2021-12-01,2022-03-01,484,138,554.7498092573906,0.28512396694214875,3,365
2021-12-01,2022-04-01,484,140,571.681923274159,0.2892561983471074,4,365
2021-12-01,2022-05-01,484,131,577.3891021947953,0.2706611570247934,5,365
2021-12-01,2022-06-01,484,100,417.4630093511594,0.2066115702479339,6,365
2021-12-01,2022-07-01,484,122,467.22564327475914,0.25206611570247933,7,365
2021-12-01,2022-08-01,484,115,504.8943077822908,0.23760330578512398,8,365
2021-12-01,2022-09-01,484,113,469.30078106082175,0.2334710743801653,9,365
2021-12-01,2022-10-01,484,96,407.432296816336,0.19834710743801653,10,365
2021-12-01,2022-11-01,484,122,496.80225073687575,0.25206611570247933,11,365
2021-12-01,2022-12-01,484,104,418.8772839577303,0.21487603305785125,12,365
2022-01-01,2022-01-01,35,35,63.75554501446304,1.0,0,334
2022-01-01,2022-02-01,35,10,35.389295613036694,0.2857142857142857,1,334
2022-01-01,2022-03-01,35,10,44.25047644023377,0.2857142857142857,2,334
2022-01-01,2022-04-01,35,13,32.16621232771527,0.37142857142857144,3,334
2022-01-01,2022-05-01,35,15,61.514724240961655,0.42857142857142855,4,334
2022-01-01,2022-06-01,35,15,69.26741478926172,0.42857142857142855,5,334
2022-01-01,2022-07-01,35,8,37.68616589288274,0.22857142857142856,6,334
2022-01-01,2022-08-01,35,10,33.0347047853859,0.2857142857142857,7,334
2022-01-01,2022-09-01,35,10,30.909264287008757,0.2857142857142857,8,334
2022-01-01,2022-10-01,35,9,36.479216976548585,0.2571428571428571,9,334
2022-01-01,2022-11-01,35,10,41.779950549756904,0.2857142857142857,10,334
2022-01-01,2022-12-01,35,7,29.063227252900553,0.2,11,334
2022-02-01,2022-02-01,6,6,44.49472846853479,1.0,0,303
2022-02-01,2022-03-01,6,2,24.095896702469222,0.3333333333333333,1,303
2022-02-01,2022-04-01,6,2,21.33624404538954,0.3333333333333333,2,303
2022-02-01,2022-05-01,6,1,13.290338346878107,0.16666666666666666,3,303
2022-02-01,2022-06-01,6,2,22.471120103437244,0.3333333333333333,4,303
2022-02-01,2022-07-01,6,1,9.438643707416608,0.16666666666666666,5,303
2022-02-01,2022-08-01,6,0,0.0,0.0,6,303
2022-02-01,2022-09-01,6,0,0.0,0.0,7,303
2022-02-01,2022-10-01,6,0,0.0,0.0,8,303
2022-02-01,2022-11-01,6,1,7.531058392174355,0.16666666666666666,9,303
2022-02-01,2022-12-01,6,0,0.0,0.0,10,303
2022-03-01,2022-03-01,144,144,213.58789746648748,1.0,0,275
2022-03-01,2022-04-01,144,47,198.6859324131665,0.3263888888888889,1,275
2022-03-01,2022-05-01,144,48,207.14830609491034,0.3333333333333333,2,275
2022-03-01,2022-06-01,144,47,208.90278242967094,0.3263888888888889,3,275
2022-03-01,2022-07-01,144,40,159.9890667628471,0.2777777777777778,4,275
2022-03-01,2022-08-01,144,50,236.25456249904965,0.3472222222222222,5,275
2022-03-01,2022-09-01,144,38,143.4379691608857,0.2638888888888889,6,275
2022-03-01,2022-10-01,144,34,179.691798011335,0.2361111111111111,7,275
2022-03-01,2022-11-01,144,43,145.64772566661594,0.2986111111111111,8,275
2022-03-01,2022-12-01,144,27,155.32182028185318,0.1875,9,275
2022-04-01,2022-04-01,35,35,157.5727420617319,1.0,0,244
2022-04-01,2022-05-01,35,24,184.2644585872463,0.6857142857142857,1,244
2022-04-01,2022-06-01,35,14,84.80292186703493,0.4,2,244
2022-04-01,2022-07-01,35,6,48.18828330890618,0.17142857142857143,3,244
2022-04-01,2022-08-01,35,7,40.142913930138036,0.2,4,244
2022-04-01,2022-09-01,35,5,32.487307830586715,0.14285714285714285,5,244
2022-04-01,2022-10-01,35,5,9.651516539733223,0.14285714285714285,6,244
2022-04-01,2022-11-01,35,6,11.954450188512897,0.17142857142857143,7,244
2022-04-01,2022-12-01,35,7,13.733255872088154,0.2,8,244
2022-05-01,2022-05-01,19,19,97.94103173139453,1.0,0,214
2022-05-01,2022-06-01,19,14,76.28187917181882,0.7368421052631579,1,214
2022-05-01,2022-07-01,19,10,57.96323835808057,0.5263157894736842,2,214
2022-05-01,2022-08-01,19,2,7.525962628683807,0.10526315789473684,3,214
2022-05-01,2022-09-01,19,6,24.4759080825063,0.3157894736842105,4,214
2022-05-01,2022-10-01,19,5,18.84611609888209,0.2631578947368421,5,214
2022-05-01,2022-11-01,19,3,6.07914229068648,0.15789473684210525,6,214
2022-05-01,2022-12-01,19,7,33.85232021598362,0.3684210526315789,7,214
2022-06-01,2022-06-01,214,214,1408.8750701800304,1.0,0,183
2022-06-01,2022-07-01,214,124,771.9507869563037,0.5794392523364486,1,183
2022-06-01,2022-08-01,214,96,487.36837172034586,0.4485981308411215,2,183
2022-06-01,2022-09-01,214,47,218.2184605109898,0.21962616822429906,3,183
2022-06-01,2022-10-01,214,47,246.47303305554846,0.21962616822429906,4,183
2022-06-01,2022-11-01,214,47,171.14101297615036,0.21962616822429906,5,183
2022-06-01,2022-12-01,214,57,211.5833872279785,0.26635514018691586,6,183
2022-07-01,2022-07-01,34,34,204.19478883858704,1.0,0,153
2022-07-01,2022-08-01,34,19,89.5407390337986,0.5588235294117647,1,153
2022-07-01,2022-09-01,34,15,61.61139209097659,0.4411764705882353,2,153
2022-07-01,2022-10-01,34,7,29.47564702124218,0.20588235294117646,3,153
2022-07-01,2022-11-01,34,3,5.595227043337195,0.08823529411764706,4,153
2022-07-01,2022-12-01,34,5,18.400955827832217,0.14705882352941177,5,153
2022-08-01,2022-08-01,223,223,1547.084538284913,1.0,0,122
2022-08-01,2022-09-01,223,129,923.4798247895101,0.57847533632287,1,122
2022-08-01,2022-10-01,223,112,643.1572801947623,0.5022421524663677,2,122
2022-08-01,2022-11-01,223,73,339.3941753355062,0.3273542600896861,3,122
2022-08-01,2022-12-01,223,61,307.4873704531037,0.273542600896861,4,122
2022-09-01,2022-09-01,811,811,4645.5947338771475,1.0,0,91
2022-09-01,2022-10-01,811,458,3016.340653747082,0.5647348951911221,1,91
2022-09-01,2022-11-01,811,365,1930.5982671488337,0.45006165228113443,2,91
2022-09-01,2022-12-01,811,215,893.2399641828816,0.2651048088779285,3,91
2022-10-01,2022-10-01,333,333,2211.0223668481167,1.0,0,61
2022-10-01,2022-11-01,333,208,1473.1032950432382,0.6246246246246246,1,61
2022-10-01,2022-12-01,333,164,844.6533107202214,0.4924924924924925,2,61
2022-11-01,2022-11-01,228,228,1317.9150358717272,1.0,0,30
2022-11-01,2022-12-01,228,140,900.7160429514888,0.6140350877192983,1,30
2022-12-01,2022-12-01,568,568,3504.3300531395116,1.0,0,0
