date,sales,temp
2013-07-01,57,303
2013-07-02,58,298
2013-07-03,53,301
2013-07-04,36,302
2013-07-05,29,305
2013-07-06,54,307
2013-07-07,41,308
2013-07-08,84,308
2013-07-09,79,305
2013-07-10,66,304
2013-07-11,53,304
2013-07-12,48,303
2013-07-13,30,300
2013-07-14,60,302
2013-07-15,58,305
2013-07-16,72,308
2013-07-17,69,308
2013-07-18,99,309
2013-07-19,74,310
2013-07-20,46,310
2013-07-21,53,307
2013-07-22,60,304
2013-07-23,81,303
2013-07-24,95,304
2013-07-25,83,302
2013-07-26,79,298
2013-07-27,60,301
2013-07-28,64,303
2013-07-29,112,300
2013-07-30,122,303
2013-07-31,94,301
2013-08-01,65,302
2013-08-02,106,299
2013-08-03,50,303
2013-08-04,78,299
2013-08-05,108,301
2013-08-06,89,299
2013-08-07,98,301
2013-08-08,78,300
2013-08-09,74,300
2013-08-10,71,303
2013-08-11,63,301
2013-08-12,93,300
2013-08-13,55,300
2013-08-14,86,298
2013-08-15,110,295
2013-08-16,100,297
2013-08-17,55,299
2013-08-18,67,301
2013-08-19,93,299
2013-08-20,114,300
2013-08-21,101,304
2013-08-22,68,305
2013-08-23,69,298
2013-08-24,57,300
2013-08-25,46,298
2013-08-26,90,300
2013-08-27,103,301
2013-08-28,81,303
2013-08-29,84,301
2013-08-30,73,299
2013-08-31,36,302
2013-09-01,62,301
2013-09-02,35,302
2013-09-03,71,297
2013-09-04,102,300
2013-09-05,112,298
2013-09-06,104,294
2013-09-07,48,296
2013-09-08,69,299
2013-09-09,100,295
2013-09-10,115,303
2013-09-11,103,307
2013-09-12,78,303
2013-09-13,108,299
2013-09-14,53,291
2013-09-15,59,295
2013-09-16,66,293
2013-09-17,98,291
2013-09-18,112,296
2013-09-19,111,297
2013-09-20,97,298
2013-09-21,63,297
2013-09-22,60,295
2013-09-23,85,291
2013-09-24,97,295
2013-09-25,105,295
2013-09-26,106,293
2013-09-27,96,292
2013-09-28,50,296
2013-09-29,73,294
2013-09-30,98,295
2013-10-01,113,299
2013-10-02,103,301
2013-10-03,109,298
2013-10-04,91,302
2013-10-05,38,297
2013-10-06,36,293
2013-10-07,79,296
2013-10-08,114,291
2013-10-09,91,290
2013-10-10,66,290
2013-10-11,62,292
2013-10-12,52,295
2013-10-13,45,291
2013-10-14,86,291
2013-10-15,98,294
2013-10-16,101,292
2013-10-17,106,296
2013-10-18,100,293
2013-10-19,44,290
2013-10-20,51,288
2013-10-21,105,292
2013-10-22,120,291
2013-10-23,83,288
2013-10-24,71,284
2013-10-25,77,285
2013-10-26,34,285
2013-10-27,36,286
2013-10-28,76,288
2013-10-29,104,285
2013-10-30,89,289
2013-10-31,106,293
2013-11-01,58,294
2013-11-02,47,290
2013-11-03,27,288
2013-11-04,75,280
2013-11-05,65,286
2013-11-06,87,289
2013-11-07,71,290
2013-11-08,73,282
2013-11-09,34,283
2013-11-10,31,288
2013-11-11,65,285
2013-11-12,37,284
2013-11-13,58,277
2013-11-14,70,284
2013-11-15,63,286
2013-11-16,24,287
2013-11-17,22,289
2013-11-18,90,291
2013-11-19,54,288
2013-11-20,55,281
2013-11-21,62,284
2013-11-22,70,286
2013-11-23,27,285
2013-11-24,22,277
2013-11-25,53,279
2013-11-26,42,281
2013-11-27,24,289
2013-11-28,16,281
2013-11-29,23,282
2013-11-30,12,280
2013-12-01,21,282
2013-12-02,68,282
2013-12-03,71,284
2013-12-04,70,283
2013-12-05,57,287
2013-12-06,24,287
2013-12-07,20,281
2013-12-08,16,282
2013-12-09,45,283
2013-12-10,33,282
2013-12-11,45,274
2013-12-12,34,271
2013-12-13,45,285
2013-12-14,11,272
2013-12-15,9,277
2013-12-16,46,275
2013-12-17,28,271
2013-12-18,45,276
2013-12-19,48,285
2013-12-20,62,283
2013-12-21,29,288
2013-12-22,23,293
2013-12-23,15,290
2013-12-24,31,283
2013-12-25,1,273
2013-12-26,26,275
2013-12-27,35,277
2013-12-28,8,285
2013-12-29,5,281
2013-12-30,36,279
2013-12-31,26,272
2014-01-01,6,273
2014-01-02,22,285
2014-01-03,2,268
2014-01-04,2,269
2014-01-05,1,274
2014-01-06,41,285
2014-01-07,24,275
2014-01-08,28,267
2014-01-09,23,273
2014-01-10,21,274
2014-01-11,10,287
2014-01-12,24,286
2014-01-13,45,283
2014-01-14,23,281
2014-01-15,55,285
2014-01-16,38,277
2014-01-17,38,285
2014-01-18,13,285
2014-01-19,16,285
2014-01-20,26,280
2014-01-21,10,278
2014-01-22,7,264
2014-01-23,17,266
2014-01-24,19,266
2014-01-25,2,270
2014-01-26,8,269
2014-01-27,34,278
2014-01-28,25,270
2014-01-29,22,268
2014-01-30,36,271
2014-01-31,41,277
2014-02-01,12,280
2014-02-02,20,284
2014-02-03,10,280
2014-02-04,21,274
2014-02-05,7,274
2014-02-06,19,273
2014-02-07,33,273
2014-02-08,6,271
2014-02-09,7,272
2014-02-10,21,271
2014-02-11,21,269
2014-02-12,19,269
2014-02-13,6,274
2014-02-14,9,277
2014-02-15,2,275
2014-02-16,3,273
2014-02-17,12,273
2014-02-18,11,277
2014-02-19,21,278
2014-02-20,36,282
2014-02-21,22,280
2014-02-22,14,285
2014-02-23,15,284
2014-02-24,37,281
2014-02-25,40,273
2014-02-26,30,272
2014-02-27,27,272
2014-02-28,31,269
2014-03-01,23,275
2014-03-02,21,277
2014-03-03,33,275
2014-03-04,4,271
2014-03-05,46,276
2014-03-06,11,272
2014-03-07,1,276
2014-03-08,46,286
2014-03-09,19,282
2014-03-10,14,283
2014-03-11,70,291
2014-03-12,32,285
2014-03-13,21,283
2014-03-14,31,280
2014-03-15,8,287
2014-03-16,11,284
2014-03-17,21,273
2014-03-18,12,278
2014-03-19,30,278
2014-03-20,41,284
2014-03-21,35,283
2014-03-22,21,290
2014-03-23,16,286
2014-03-24,36,274
2014-03-25,42,276
2014-03-26,24,274
2014-03-27,26,279
2014-03-28,35,286
2014-03-29,3,285
2014-03-30,19,281
2014-03-31,40,285
2014-04-01,48,288
2014-04-02,50,285
2014-04-03,61,291
2014-04-04,33,286
2014-04-05,26,285
2014-04-06,42,288
2014-04-07,36,283
2014-04-08,62,291
2014-04-09,81,289
2014-04-10,56,289
2014-04-11,58,296
2014-04-12,36,295
2014-04-13,47,298
2014-04-14,96,297
2014-04-15,29,292
2014-04-16,49,281
2014-04-17,45,281
2014-04-18,45,282
2014-04-19,25,292
2014-04-20,24,288
2014-04-21,64,292
2014-04-22,63,295
2014-04-23,75,290
2014-04-24,51,289
2014-04-25,74,289
2014-04-26,13,291
2014-04-27,29,287
2014-04-28,81,291
2014-04-29,49,288
2014-04-30,4,284
2014-05-01,79,291
2014-05-02,89,290
2014-05-03,63,291
2014-05-04,47,290
2014-05-05,85,293
2014-05-06,67,293
2014-05-07,73,293
2014-05-08,48,288
2014-05-09,56,289
2014-05-10,22,300
2014-05-11,39,300
2014-05-12,73,303
2014-05-13,75,298
2014-05-14,81,293
2014-05-15,54,294
2014-05-16,38,293
2014-05-17,47,293
2014-05-18,44,291
2014-05-19,85,295
2014-05-20,83,299
2014-05-21,75,296
2014-05-22,38,295
2014-05-23,62,293
2014-05-24,15,293
2014-05-25,34,300
2014-05-26,34,303
2014-05-27,94,303
2014-05-28,84,299
2014-05-29,77,291
2014-05-30,80,297
2014-05-31,39,295
2014-06-01,57,298
2014-06-02,85,300
2014-06-03,75,303
2014-06-04,90,300
2014-06-05,34,297
2014-06-06,94,297
2014-06-07,31,301
2014-06-08,58,302
2014-06-09,26,298
2014-06-10,66,298
2014-06-11,60,297
2014-06-12,52,294
2014-06-13,46,299
2014-06-14,37,296
2014-06-15,35,300
2014-06-16,94,300
2014-06-17,80,305
2014-06-18,90,305
2014-06-19,78,303
2014-06-20,57,300
2014-06-21,56,298
2014-06-22,61,299
2014-06-23,85,301
2014-06-24,73,301
2014-06-25,84,302
2014-06-26,67,302
2014-06-27,65,301
2014-06-28,26,304
2014-06-29,46,301
2014-06-30,85,302
2014-07-01,84,305
2014-07-02,76,306
2014-07-03,65,305
2014-07-04,34,300
2014-07-05,44,301
2014-07-06,38,303
2014-07-07,82,306
2014-07-08,94,307
2014-07-09,91,304
2014-07-10,71,301
2014-07-11,59,302
2014-07-12,60,303
2014-07-13,47,302
2014-07-14,89,302
2014-07-15,53,302
2014-07-16,68,301
2014-07-17,113,300
2014-07-18,89,300
2014-07-19,33,298
2014-07-20,48,298
2014-07-21,88,302
2014-07-22,89,303
2014-07-23,101,305
2014-07-24,94,302
2014-07-25,87,301
2014-07-26,53,300
2014-07-27,55,303
2014-07-28,91,301
2014-07-29,77,297
2014-07-30,83,299
2014-07-31,87,301
2014-08-01,88,301
2014-08-02,34,297
2014-08-03,53,297
2014-08-04,91,302
2014-08-05,83,304
2014-08-06,83,301
2014-08-07,81,301
2014-08-08,85,300
2014-08-09,32,302
2014-08-10,29,303
2014-08-11,67,302
2014-08-12,71,299
2014-08-13,56,300
2014-08-14,78,298
2014-08-15,75,297
2014-08-16,40,298
2014-08-17,32,301
2014-08-18,86,300
2014-08-19,82,300
2014-08-20,85,301
2014-08-21,64,300
2014-08-22,60,296
2014-08-23,36,295
2014-08-24,55,299
2014-08-25,83,302
2014-08-26,70,303
2014-08-27,71,304
2014-08-28,88,299
2014-08-29,63,298
2014-08-30,33,298
2014-08-31,24,304
2014-09-01,36,303
2014-09-02,80,305
2014-09-03,87,302
2014-09-04,70,302
2014-09-05,81,302
2014-09-06,34,304
2014-09-07,43,299
2014-09-08,81,297
2014-09-09,81,295
2014-09-10,82,297
2014-09-11,84,300
2014-09-12,83,297
2014-09-13,15,292
2014-09-14,57,293
2014-09-15,86,294
2014-09-16,44,293
2014-09-17,90,295
2014-09-18,71,296
2014-09-19,72,292
2014-09-20,33,296
2014-09-21,32,297
2014-09-22,81,295
2014-09-23,68,295
2014-09-24,75,295
2014-09-25,23,292
2014-09-26,90,298
2014-09-27,51,301
2014-09-28,44,302
2014-09-29,79,298
2014-09-30,84,295
2014-10-01,59,291
2014-10-02,76,293
2014-10-03,64,294
2014-10-04,14,293
2014-10-05,25,289
2014-10-06,82,294
2014-10-07,71,295
2014-10-08,72,295
2014-10-09,65,292
2014-10-10,76,291
2014-10-11,10,287
2014-10-12,14,290
2014-10-13,56,291
2014-10-14,94,298
2014-10-15,61,297
2014-10-16,62,295
2014-10-17,56,295
2014-10-18,31,293
2014-10-19,20,289
2014-10-20,76,288
2014-10-21,57,291
2014-10-22,19,287
2014-10-23,17,285
2014-10-24,77,292
2014-10-25,23,293
2014-10-26,32,290
2014-10-27,62,291
2014-10-28,75,295
2014-10-29,83,294
2014-10-30,81,287
2014-10-31,63,285
2014-11-01,8,284
2014-11-02,15,282
2014-11-03,68,289
2014-11-04,75,294
2014-11-05,74,291
2014-11-06,26,286
2014-11-07,42,284
2014-11-08,28,280
2014-11-09,30,287
2014-11-10,74,289
2014-11-11,71,291
2014-11-12,59,291
2014-11-13,36,285
2014-11-14,43,278
2014-11-15,10,278
2014-11-16,19,279
2014-11-17,16,284
2014-11-18,39,282
2014-11-19,36,273
2014-11-20,43,280
2014-11-21,37,277
2014-11-22,20,279
2014-11-23,23,287
2014-11-24,51,294
2014-11-25,65,291
2014-11-26,12,281
2014-11-27,5,276
2014-11-28,21,275
2014-11-29,22,274
2014-11-30,18,282
2014-12-01,44,290
2014-12-02,32,279
2014-12-03,37,281
2014-12-04,46,280
2014-12-05,42,280
2014-12-06,7,280
2014-12-07,16,280
2014-12-08,47,274
2014-12-09,15,279
2014-12-10,19,279
2014-12-11,46,275
2014-12-12,45,276
2014-12-13,17,279
2014-12-14,17,280
2014-12-15,49,282
2014-12-16,43,281
2014-12-17,61,284
2014-12-18,45,281
2014-12-19,34,276
2014-12-20,9,273
2014-12-21,9,275
2014-12-22,35,279
2014-12-23,24,281
2014-12-24,12,284
2014-12-25,6,289
2014-12-26,21,281
2014-12-27,19,282
2014-12-28,10,283
2014-12-29,40,281
2014-12-30,34,274
2014-12-31,25,271
2015-01-01,6,273
2015-01-02,19,277
2015-01-03,6,276
2015-01-04,7,284
2015-01-05,42,283
2015-01-06,16,270
2015-01-07,24,268
2015-01-08,19,267
2015-01-09,19,272
2015-01-10,5,268
2015-01-11,7,272
2015-01-12,22,276
2015-01-13,27,274
2015-01-14,29,269
2015-01-15,45,272
2015-01-16,38,274
2015-01-17,6,269
2015-01-18,1,276
2015-01-19,13,276
2015-01-20,49,275
2015-01-21,44,271
2015-01-22,35,275
2015-01-23,27,274
2015-01-24,7,275
2015-01-25,16,276
2015-01-26,10,270
2015-01-27,8,271
2015-01-28,13,270
2015-01-29,18,270
2015-01-30,14,273
2015-01-31,1,269
2015-02-01,12,272
2015-02-02,7,278
2015-02-03,18,271
2015-02-04,14,275
2015-02-05,28,272
2015-02-06,11,268
2015-02-07,5,272
2015-02-08,10,277
2015-02-09,13,275
2015-02-10,13,274
2015-02-11,20,272
2015-02-12,11,275
2015-02-13,10,270
2015-02-14,7,270
2015-02-15,4,266
2015-02-16,8,266
2015-02-17,16,267
2015-02-18,21,270
2015-02-19,15,265
2015-02-20,19,264
2015-02-21,6,270
2015-02-22,6,279
2015-02-23,24,275
2015-02-24,6,265
2015-02-25,12,272
2015-02-26,23,268
2015-02-27,20,269
2015-02-28,11,268
2015-03-01,2,269
2015-03-02,19,274
2015-03-03,11,271
2015-03-04,14,280
2015-03-05,3,278
2015-03-06,12,270
2015-03-07,5,276
2015-03-08,7,281
2015-03-09,37,284
2015-03-10,27,280
2015-03-11,53,283
2015-03-12,31,280
2015-03-13,39,276
2015-03-14,7,280
2015-03-15,18,280
2015-03-16,44,281
2015-03-17,31,283
2015-03-18,24,278
2015-03-19,30,277
2015-03-20,15,275
2015-03-21,12,276
2015-03-22,15,276
2015-03-23,30,275
2015-03-24,45,276
2015-03-25,39,278
2015-03-26,53,286
2015-03-27,43,285
2015-03-28,4,278
2015-03-29,20,280
2015-03-30,42,283
2015-03-31,39,282
2015-04-01,54,281
2015-04-02,52,286
2015-04-03,24,291
2015-04-04,14,286
2015-04-05,18,285
2015-04-06,54,288
2015-04-07,43,288
2015-04-08,46,284
2015-04-09,41,281
2015-04-10,33,288
2015-04-11,18,287
2015-04-12,29,286
2015-04-13,64,289
2015-04-14,44,289
2015-04-15,64,289
2015-04-16,67,287
2015-04-17,42,292
2015-04-18,39,295
2015-04-19,28,293
2015-04-20,29,287
2015-04-21,39,288
2015-04-22,47,291
2015-04-23,59,282
2015-04-24,52,282
2015-04-25,24,287
2015-04-26,31,288
2015-04-27,56,288
2015-04-28,62,292
2015-04-29,63,296
2015-04-30,71,293
2015-05-01,65,291
2015-05-02,15,294
2015-05-03,31,298
2015-05-04,62,301
2015-05-05,79,301
2015-05-06,65,298
2015-05-07,84,300
2015-05-08,77,302
2015-05-09,25,298
2015-05-10,35,301
2015-05-11,70,301
2015-05-12,75,301
2015-05-13,75,297
2015-05-14,83,294
2015-05-15,77,295
2015-05-16,47,302
2015-05-17,49,300
2015-05-18,86,298
2015-05-19,55,297
2015-05-20,69,293
2015-05-21,65,289
2015-05-22,63,294
2015-05-23,30,292
2015-05-24,52,298
2015-05-25,40,299
2015-05-26,78,300
2015-05-27,62,301
2015-05-28,63,301
2015-05-29,89,298
2015-05-30,32,300
2015-05-31,38,300
2015-06-01,21,292
2015-06-02,16,286
2015-06-03,70,292
2015-06-04,68,291
2015-06-05,59,294
2015-06-06,29,296
2015-06-07,46,295
2015-06-08,72,299
2015-06-09,85,300
2015-06-10,74,300
2015-06-11,69,303
2015-06-12,71,303
2015-06-13,35,301
2015-06-14,30,301
2015-06-15,63,299
2015-06-16,66,298
2015-06-17,82,299
2015-06-18,73,295
2015-06-19,72,299
2015-06-20,34,296
2015-06-21,38,299
2015-06-22,84,301
2015-06-23,78,307
2015-06-24,88,300
2015-06-25,80,300
2015-06-26,70,299
2015-06-27,23,297
2015-06-28,32,295
2015-06-29,97,298
2015-06-30,75,300
2015-07-01,85,301
2015-07-02,77,299
2015-07-03,39,300
2015-07-04,33,297
2015-07-05,39,301
2015-07-06,89,301
2015-07-07,61,303
2015-07-08,65,302
2015-07-09,53,299
2015-07-10,96,301
2015-07-11,58,302
2015-07-12,51,303
2015-07-13,80,302
2015-07-14,80,299
2015-07-15,81,299
2015-07-16,90,299
2015-07-17,81,300
2015-07-18,34,302
2015-07-19,40,306
2015-07-20,72,306
2015-07-21,74,304
2015-07-22,88,301
2015-07-23,83,301
2015-07-24,84,302
2015-07-25,39,302
2015-07-26,33,304
2015-07-27,87,302
2015-07-28,75,306
2015-07-29,85,307
2015-07-30,56,303
2015-07-31,73,304
2015-08-01,54,304
2015-08-02,37,303
2015-08-03,80,305
2015-08-04,70,305
2015-08-05,80,303
2015-08-06,87,300
2015-08-07,70,301
2015-08-08,48,300
2015-08-09,60,301
2015-08-10,95,300
2015-08-11,34,299
2015-08-12,73,302
2015-08-13,97,301
2015-08-14,81,303
2015-08-15,45,306
2015-08-16,44,305
2015-08-17,79,306
2015-08-18,106,305
2015-08-19,90,303
2015-08-20,86,302
2015-08-21,74,302
2015-08-22,39,301
2015-08-23,50,300
2015-08-24,109,302
2015-08-25,88,303
2015-08-26,88,300
2015-08-27,92,299
2015-08-28,78,299
2015-08-29,47,301
2015-08-30,51,303
2015-08-31,81,305
2015-09-01,78,303
2015-09-02,73,305
2015-09-03,68,305
2015-09-04,63,301
2015-09-05,47,300
2015-09-06,55,302
2015-09-07,43,305
2015-09-08,100,307
2015-09-09,91,305
2015-09-10,30,300
2015-09-11,76,299
2015-09-12,41,298
2015-09-13,53,298
2015-09-14,96,297
2015-09-15,103,301
2015-09-16,107,302
2015-09-17,88,303
2015-09-18,119,302
2015-09-19,78,300
2015-09-20,68,298
2015-09-21,113,294
2015-09-22,107,294
2015-09-23,117,298
2015-09-24,138,299
2015-09-25,127,296
2015-09-26,80,294
2015-09-27,53,294
2015-09-28,136,298
2015-09-29,107,300
2015-09-30,72,297
2015-10-01,85,NA
2015-10-02,17,NA
2015-10-03,17,NA
2015-10-04,46,NA
2015-10-05,87,NA
2015-10-06,103,NA
2015-10-07,83,NA
2015-10-08,79,NA
2015-10-09,73,NA
2015-10-10,43,NA
2015-10-11,34,NA
2015-10-12,85,NA
2015-10-13,105,NA
2015-10-14,89,NA
2015-10-15,94,NA
2015-10-16,86,NA
2015-10-17,26,NA
2015-10-18,20,NA
2015-10-19,72,NA
2015-10-20,84,NA
2015-10-21,99,NA
2015-10-22,81,NA
2015-10-23,77,NA
2015-10-24,40,NA
2015-10-25,29,NA
2015-10-26,76,NA
2015-10-27,73,NA
2015-10-28,51,NA
2015-10-29,76,NA
2015-10-30,98,NA
2015-10-31,24,NA
2015-11-01,36,NA
2015-11-02,91,NA
2015-11-03,85,NA
2015-11-04,83,NA
2015-11-05,73,NA
2015-11-06,84,NA
2015-11-07,33,NA
2015-11-08,32,NA
2015-11-09,82,NA
2015-11-10,29,NA
2015-11-11,81,NA
2015-11-12,74,NA
2015-11-13,93,NA
2015-11-14,19,NA
2015-11-15,35,NA
2015-11-16,92,NA
2015-11-17,68,NA
2015-11-18,76,NA
2015-11-19,39,NA
2015-11-20,89,NA
2015-11-21,33,NA
2015-11-22,33,NA
2015-11-23,76,NA
2015-11-24,68,NA
2015-11-25,67,NA
2015-11-26,8,NA
2015-11-27,38,NA
2015-11-28,20,NA
2015-11-29,20,NA
2015-11-30,70,NA
2015-12-01,34,NA
2015-12-02,50,NA
2015-12-03,62,NA
2015-12-04,78,NA
2015-12-05,23,NA
2015-12-06,29,NA
2015-12-07,70,NA
2015-12-08,74,NA
2015-12-09,69,NA
2015-12-10,96,NA
2015-12-11,73,NA
2015-12-12,26,NA
2015-12-13,32,NA
2015-12-14,65,NA
2015-12-15,83,NA
2015-12-16,59,NA
2015-12-17,46,NA
2015-12-18,62,NA
2015-12-19,25,NA
2015-12-20,19,NA
2015-12-21,73,NA
2015-12-22,46,NA
2015-12-23,27,NA
2015-12-24,33,NA
2015-12-25,6,NA
2015-12-26,34,NA
2015-12-27,11,NA
2015-12-28,50,NA
2015-12-29,43,NA
2015-12-30,68,NA
2015-12-31,53,NA
2016-01-01,12,NA
2016-01-02,12,NA
2016-01-03,15,NA
2016-01-04,48,NA
2016-01-05,46,NA
2016-01-06,61,NA
2016-01-07,50,NA
2016-01-08,67,NA
2016-01-09,20,NA
2016-01-10,14,NA
2016-01-11,48,NA
2016-01-12,49,NA
2016-01-13,43,NA
2016-01-14,55,NA
2016-01-15,70,NA
2016-01-16,24,NA
2016-01-17,16,NA
2016-01-18,14,NA
2016-01-19,35,NA
2016-01-20,54,NA
2016-01-21,44,NA
2016-01-22,42,NA
2016-01-23,0,NA
2016-01-24,0,NA
2016-01-25,0,NA
2016-01-26,0,NA
2016-01-27,0,NA
2016-01-28,22,NA
2016-01-29,24,NA
2016-01-30,15,NA
2016-01-31,20,NA
2016-02-01,49,NA
2016-02-02,47,NA
2016-02-03,24,NA
2016-02-04,56,NA
2016-02-05,34,NA
2016-02-06,21,NA
2016-02-07,22,NA
2016-02-08,36,NA
2016-02-09,45,NA
2016-02-10,50,NA
2016-02-11,40,NA
2016-02-12,33,NA
2016-02-13,10,NA
2016-02-14,10,NA
2016-02-15,12,NA
2016-02-16,32,NA
2016-02-17,47,NA
2016-02-18,50,NA
2016-02-19,39,NA
2016-02-20,43,NA
2016-02-21,34,NA
2016-02-22,56,NA
2016-02-23,18,NA
2016-02-24,15,NA
2016-02-25,39,NA
2016-02-26,51,NA
2016-02-27,19,NA
2016-02-28,40,NA
2016-02-29,68,NA
2016-03-01,65,NA
2016-03-02,58,NA
2016-03-03,55,NA
2016-03-04,38,NA
2016-03-05,16,NA
2016-03-06,17,NA
2016-03-07,49,NA
2016-03-08,61,NA
2016-03-09,59,NA
2016-03-10,78,NA
2016-03-11,53,NA
2016-03-12,32,NA
2016-03-13,35,NA
2016-03-14,22,NA
2016-03-15,57,NA
2016-03-16,66,NA
2016-03-17,71,NA
2016-03-18,53,NA
2016-03-19,29,NA
2016-03-20,25,NA
2016-03-21,43,NA
2016-03-22,53,NA
2016-03-23,64,NA
2016-03-24,66,NA
2016-03-25,56,NA
2016-03-26,19,NA
2016-03-27,25,NA
2016-03-28,25,NA
2016-03-29,39,NA
2016-03-30,55,NA
2016-03-31,67,NA
2016-04-01,42,NA
2016-04-02,22,NA
2016-04-03,11,NA
2016-04-04,25,NA
2016-04-05,32,NA
2016-04-06,35,NA
2016-04-07,48,NA
2016-04-08,46,NA
2016-04-09,14,NA
2016-04-10,26,NA
2016-04-11,60,NA
2016-04-12,30,NA
2016-04-13,67,NA
2016-04-14,72,NA
2016-04-15,62,NA
2016-04-16,45,NA
2016-04-17,38,NA
2016-04-18,86,NA
2016-04-19,81,NA
2016-04-20,91,NA
2016-04-21,90,NA
2016-04-22,75,NA
2016-04-23,32,NA
2016-04-24,34,NA
2016-04-25,72,NA
2016-04-26,78,NA
2016-04-27,78,NA
2016-04-28,75,NA
2016-04-29,68,NA
2016-04-30,49,NA
2016-05-01,11,NA
2016-05-02,75,NA
2016-05-03,28,NA
2016-05-04,49,NA
2016-05-05,78,NA
2016-05-06,24,NA
2016-05-07,36,NA
2016-05-08,31,NA
2016-05-09,88,NA
2016-05-10,79,NA
2016-05-11,103,NA
2016-05-12,87,NA
2016-05-13,61,NA
2016-05-14,62,NA
2016-05-15,46,NA
2016-05-16,94,NA
2016-05-17,82,NA
2016-05-18,78,NA
2016-05-19,100,NA
2016-05-20,98,NA
2016-05-21,38,NA
2016-05-22,57,NA
2016-05-23,95,NA
2016-05-24,57,NA
2016-05-25,108,NA
2016-05-26,93,NA
2016-05-27,61,NA
2016-05-28,44,NA
2016-05-29,37,NA
2016-05-30,39,NA
2016-05-31,102,NA
2016-06-01,97,NA
2016-06-02,83,NA
2016-06-03,49,NA
2016-06-04,27,NA
2016-06-05,22,NA
2016-06-06,104,NA
2016-06-07,116,NA
2016-06-08,74,NA
2016-06-09,88,NA
2016-06-10,102,NA
2016-06-11,45,NA
2016-06-12,42,NA
2016-06-13,107,NA
2016-06-14,105,NA
2016-06-15,99,NA
2016-06-16,72,NA
2016-06-17,85,NA
2016-06-18,61,NA
2016-06-19,43,NA
2016-06-20,94,NA
2016-06-21,81,NA
2016-06-22,100,NA
2016-06-23,94,NA
2016-06-24,112,NA
2016-06-25,57,NA
2016-06-26,62,NA
2016-06-27,105,NA
2016-06-28,82,NA
2016-06-29,106,NA
2016-06-30,110,NA
2016-07-01,71,NA
2016-07-02,39,NA
2016-07-03,46,NA
2016-07-04,31,NA
2016-07-05,92,NA
2016-07-06,97,NA
2016-07-07,97,NA
2016-07-08,81,NA
2016-07-09,44,NA
2016-07-10,31,NA
2016-07-11,97,NA
2016-07-12,107,NA
2016-07-13,99,NA
2016-07-14,100,NA
2016-07-15,113,NA
2016-07-16,63,NA
2016-07-17,60,NA
2016-07-18,109,NA
2016-07-19,100,NA
2016-07-20,94,NA
2016-07-21,84,NA
2016-07-22,93,NA
2016-07-23,36,NA
2016-07-24,53,NA
2016-07-25,61,NA
2016-07-26,117,NA
2016-07-27,91,NA
2016-07-28,90,NA
2016-07-29,49,NA
2016-07-30,26,NA
2016-07-31,36,NA
2016-08-01,79,NA
2016-08-02,96,NA
2016-08-03,106,NA
2016-08-04,95,NA
2016-08-05,79,NA
2016-08-06,40,NA
2016-08-07,60,NA
2016-08-08,116,NA
2016-08-09,88,NA
2016-08-10,76,NA
2016-08-11,96,NA
2016-08-12,64,NA
2016-08-13,37,NA
2016-08-14,35,NA
2016-08-15,114,NA
2016-08-16,89,NA
2016-08-17,77,NA
2016-08-18,68,NA
2016-08-19,74,NA
2016-08-20,41,NA
2016-08-21,40,NA
2016-08-22,105,NA
2016-08-23,86,NA
2016-08-24,73,NA
2016-08-25,98,NA
2016-08-26,87,NA
2016-08-27,42,NA
2016-08-28,57,NA
2016-08-29,80,NA
2016-08-30,79,NA
2016-08-31,88,NA
2016-09-01,43,NA
2016-09-02,72,NA
2016-09-03,47,NA
2016-09-04,43,NA
2016-09-05,40,NA
2016-09-06,96,NA
2016-09-07,101,NA
2016-09-08,87,NA
2016-09-09,88,NA
2016-09-10,38,NA
2016-09-11,56,NA
2016-09-12,104,NA
2016-09-13,95,NA
2016-09-14,113,NA
2016-09-15,100,NA
2016-09-16,111,NA
2016-09-17,56,NA
2016-09-18,58,NA
2016-09-19,62,NA
2016-09-20,129,NA
2016-09-21,96,NA
2016-09-22,105,NA
2016-09-23,116,NA
2016-09-24,47,NA
2016-09-25,38,NA
2016-09-26,105,NA
2016-09-27,84,NA
2016-09-28,107,NA
2016-09-29,81,NA
2016-09-30,30,NA
2016-10-01,39,NA
2016-10-02,43,NA
2016-10-03,109,NA
2016-10-04,108,NA
2016-10-05,99,NA
2016-10-06,102,NA
2016-10-07,94,NA
2016-10-08,32,NA
2016-10-09,23,NA
2016-10-10,84,NA
2016-10-11,96,NA
2016-10-12,91,NA
2016-10-13,103,NA
2016-10-14,87,NA
2016-10-15,61,NA
2016-10-16,61,NA
2016-10-17,117,NA
2016-10-18,111,NA
2016-10-19,118,NA
2016-10-20,96,NA
2016-10-21,49,NA
2016-10-22,22,NA
2016-10-23,33,NA
2016-10-24,95,NA
2016-10-25,81,NA
2016-10-26,73,NA
2016-10-27,22,NA
2016-10-28,65,NA
2016-10-29,36,NA
2016-10-30,42,NA
2016-10-31,78,NA
2016-11-01,94,NA
2016-11-02,95,NA
2016-11-03,89,NA
2016-11-04,92,NA
2016-11-05,41,NA
2016-11-06,53,NA
2016-11-07,87,NA
2016-11-08,80,NA
2016-11-09,70,NA
2016-11-10,87,NA
2016-11-11,66,NA
2016-11-12,42,NA
2016-11-13,34,NA
2016-11-14,83,NA
2016-11-15,24,NA
2016-11-16,65,NA
2016-11-17,81,NA
2016-11-18,78,NA
2016-11-19,34,NA
2016-11-20,24,NA
2016-11-21,44,NA
2016-11-22,45,NA
2016-11-23,36,NA
2016-11-24,12,NA
2016-11-25,21,NA
2016-11-26,25,NA
2016-11-27,9,NA
2016-11-28,69,NA
2016-11-29,27,NA
2016-11-30,32,NA
2016-12-01,74,NA
2016-12-02,79,NA
2016-12-03,35,NA
2016-12-04,31,NA
2016-12-05,63,NA
2016-12-06,46,NA
2016-12-07,58,NA
2016-12-08,58,NA
2016-12-09,58,NA
2016-12-10,18,NA
2016-12-11,21,NA
2016-12-12,31,NA
2016-12-13,53,NA
2016-12-14,46,NA
2016-12-15,42,NA
2016-12-16,29,NA
2016-12-17,10,NA
2016-12-18,17,NA
2016-12-19,30,NA
2016-12-20,36,NA
2016-12-21,36,NA
2016-12-22,33,NA
2016-12-23,25,NA
2016-12-24,5,NA
2016-12-25,11,NA
2016-12-26,6,NA
2016-12-27,42,NA
2016-12-28,32,NA
2016-12-29,23,NA
2016-12-30,23,NA
2016-12-31,22,NA
2017-01-01,7,NA
2017-01-02,9,NA
2017-01-03,18,NA
2017-01-04,42,NA
2017-01-05,33,NA
2017-01-06,35,NA
2017-01-07,5,NA
2017-01-08,5,NA
2017-01-09,28,NA
2017-01-10,29,NA
2017-01-11,48,NA
2017-01-12,55,NA
2017-01-13,47,NA
2017-01-14,6,NA
2017-01-15,12,NA
2017-01-16,28,NA
2017-01-17,26,NA
2017-01-18,62,NA
2017-01-19,52,NA
2017-01-20,32,NA
2017-01-21,36,NA
2017-01-22,21,NA
2017-01-23,20,NA
2017-01-24,22,NA
2017-01-25,71,NA
2017-01-26,38,NA
2017-01-27,48,NA
2017-01-28,19,NA
2017-01-29,17,NA
2017-01-30,47,NA
2017-01-31,34,NA
2017-02-01,43,NA
2017-02-02,46,NA
2017-02-03,28,NA
2017-02-04,19,NA
2017-02-05,20,NA
2017-02-06,41,NA
2017-02-07,24,NA
2017-02-08,42,NA
2017-02-09,0,NA
2017-02-10,3,NA
2017-02-11,11,NA
2017-02-12,3,NA
2017-02-13,37,NA
2017-02-14,31,NA
2017-02-15,30,NA
2017-02-16,34,NA
2017-02-17,26,NA
2017-02-18,20,NA
2017-02-19,34,NA
2017-02-20,37,NA
2017-02-21,46,NA
2017-02-22,48,NA
2017-02-23,48,NA
2017-02-24,59,NA
2017-02-25,34,NA
2017-02-26,24,NA
2017-02-27,40,NA
2017-02-28,59,NA
2017-03-01,47,NA
2017-03-02,43,NA
2017-03-03,45,NA
2017-03-04,17,NA
2017-03-05,21,NA
2017-03-06,48,NA
2017-03-07,33,NA
2017-03-08,50,NA
2017-03-09,58,NA
2017-03-10,16,NA
2017-03-11,12,NA
2017-03-12,4,NA
2017-03-13,29,NA
2017-03-14,0,NA
2017-03-15,0,NA
2017-03-16,0,NA
2017-03-17,0,NA
2017-03-18,11,NA
2017-03-19,12,NA
2017-03-20,27,NA
2017-03-21,45,NA
2017-03-22,35,NA
2017-03-23,24,NA
2017-03-24,40,NA
2017-03-25,25,NA
2017-03-26,10,NA
2017-03-27,18,NA
2017-03-28,20,NA
2017-03-29,43,NA
2017-03-30,36,NA
2017-03-31,8,NA
2017-04-01,12,NA
2017-04-02,33,NA
2017-04-03,79,NA
2017-04-04,38,NA
2017-04-05,49,NA
2017-04-06,18,NA
2017-04-07,36,NA
2017-04-08,23,NA
2017-04-09,45,NA
2017-04-10,84,NA
2017-04-11,98,NA
2017-04-12,82,NA
2017-04-13,56,NA
2017-04-14,66,NA
2017-04-15,43,NA
2017-04-16,44,NA
2017-04-17,88,NA
2017-04-18,78,NA
2017-04-19,66,NA
2017-04-20,30,NA
2017-04-21,37,NA
2017-04-22,32,NA
2017-04-23,51,NA
2017-04-24,84,NA
2017-04-25,16,NA
2017-04-26,43,NA
2017-04-27,62,NA
2017-04-28,85,NA
2017-04-29,48,NA
2017-04-30,41,NA
2017-05-01,100,NA
2017-05-02,98,NA
2017-05-03,109,NA
2017-05-04,80,NA
2017-05-05,19,NA
2017-05-06,49,NA
2017-05-07,27,NA
2017-05-08,72,NA
2017-05-09,90,NA
2017-05-10,80,NA
2017-05-11,85,NA
2017-05-12,92,NA
2017-05-13,4,NA
2017-05-14,29,NA
2017-05-15,92,NA
2017-05-16,101,NA
2017-05-17,103,NA
2017-05-18,94,NA
2017-05-19,83,NA
2017-05-20,34,NA
2017-05-21,33,NA
2017-05-22,37,NA
2017-05-23,95,NA
2017-05-24,73,NA
2017-05-25,16,NA
2017-05-26,51,NA
2017-05-27,40,NA
2017-05-28,35,NA
2017-05-29,28,NA
2017-05-30,81,NA
2017-05-31,70,NA
2017-06-01,96,NA
2017-06-02,93,NA
2017-06-03,56,NA
2017-06-04,53,NA
2017-06-05,102,NA
2017-06-06,48,NA
2017-06-07,103,NA
2017-06-08,100,NA
2017-06-09,104,NA
2017-06-10,61,NA
2017-06-11,42,NA
2017-06-12,105,NA
2017-06-13,86,NA
2017-06-14,73,NA
2017-06-15,104,NA
2017-06-16,70,NA
2017-06-17,34,NA
2017-06-18,34,NA
2017-06-19,49,NA
2017-06-20,92,NA
2017-06-21,82,NA
2017-06-22,103,NA
2017-06-23,73,NA
2017-06-24,34,NA
2017-06-25,69,NA
2017-06-26,97,NA
2017-06-27,78,NA
2017-06-28,95,NA
2017-06-29,95,NA
2017-06-30,66,NA
2017-07-01,28,NA
2017-07-02,53,NA
2017-07-03,91,NA
2017-07-04,51,NA
2017-07-05,105,NA
2017-07-06,94,NA
2017-07-07,38,NA
2017-07-08,55,NA
2017-07-09,65,NA
2017-07-10,119,NA
2017-07-11,84,NA
2017-07-12,96,NA
2017-07-13,93,NA
2017-07-14,48,NA
2017-07-15,55,NA
2017-07-16,62,NA
2017-07-17,109,NA
2017-07-18,108,NA
2017-07-19,98,NA
2017-07-20,96,NA
2017-07-21,95,NA
2017-07-22,40,NA
2017-07-23,48,NA
2017-07-24,56,NA
2017-07-25,84,NA
2017-07-26,112,NA
2017-07-27,103,NA
2017-07-28,85,NA
2017-07-29,50,NA
2017-07-30,50,NA
2017-07-31,125,NA
2017-08-01,104,NA
2017-08-02,90,NA
2017-08-03,103,NA
2017-08-04,76,NA
2017-08-05,52,NA
2017-08-06,46,NA
2017-08-07,43,NA
2017-08-08,122,NA
2017-08-09,111,NA
2017-08-10,106,NA
2017-08-11,82,NA
2017-08-12,53,NA
2017-08-13,50,NA
2017-08-14,112,NA
2017-08-15,94,NA
2017-08-16,121,NA
2017-08-17,87,NA
2017-08-18,41,NA
2017-08-19,62,NA
2017-08-20,72,NA
2017-08-21,105,NA
2017-08-22,99,NA
2017-08-23,90,NA
2017-08-24,92,NA
2017-08-25,85,NA
2017-08-26,50,NA
2017-08-27,47,NA
2017-08-28,108,NA
2017-08-29,45,NA
2017-08-30,108,NA
2017-08-31,100,NA
2017-09-01,79,NA
2017-09-02,42,NA
2017-09-03,33,NA
2017-09-04,67,NA
2017-09-05,105,NA
2017-09-06,54,NA
2017-09-07,92,NA
2017-09-08,107,NA
2017-09-09,53,NA
2017-09-10,50,NA
2017-09-11,115,NA
2017-09-12,100,NA
2017-09-13,100,NA
2017-09-14,118,NA
2017-09-15,102,NA
2017-09-16,37,NA
2017-09-17,47,NA
2017-09-18,96,NA
2017-09-19,83,NA
2017-09-20,106,NA
2017-09-21,78,NA
2017-09-22,87,NA
2017-09-23,48,NA
2017-09-24,58,NA
2017-09-25,111,NA
2017-09-26,110,NA
2017-09-27,98,NA
2017-09-28,90,NA
2017-09-29,93,NA
2017-09-30,38,NA
2017-10-01,52,NA
2017-10-02,83,NA
2017-10-03,86,NA
2017-10-04,97,NA
2017-10-05,84,NA
2017-10-06,89,NA
2017-10-07,53,NA
2017-10-08,33,NA
2017-10-09,48,NA
2017-10-10,104,NA
2017-10-11,90,NA
2017-10-12,74,NA
2017-10-13,85,NA
2017-10-14,41,NA
2017-10-15,35,NA
2017-10-16,96,NA
2017-10-17,85,NA
2017-10-18,105,NA
2017-10-19,95,NA
2017-10-20,91,NA
2017-10-21,47,NA
2017-10-22,58,NA
2017-10-23,121,NA
2017-10-24,53,NA
2017-10-25,100,NA
2017-10-26,86,NA
2017-10-27,79,NA
2017-10-28,57,NA
2017-10-29,10,NA
2017-10-30,43,NA
2017-10-31,79,NA
2017-11-01,94,NA
2017-11-02,97,NA
2017-11-03,98,NA
2017-11-04,43,NA
2017-11-05,39,NA
2017-11-06,94,NA
2017-11-07,41,NA
2017-11-08,80,NA
2017-11-09,74,NA
2017-11-10,45,NA
2017-11-11,26,NA
2017-11-12,33,NA
2017-11-13,58,NA
2017-11-14,61,NA
2017-11-15,74,NA
2017-11-16,57,NA
2017-11-17,59,NA
2017-11-18,19,NA
2017-11-19,28,NA
2017-11-20,60,NA
2017-11-21,60,NA
2017-11-22,32,NA
2017-11-23,5,NA
2017-11-24,21,NA
2017-11-25,24,NA
2017-11-26,24,NA
2017-11-27,65,NA
2017-11-28,75,NA
2017-11-29,77,NA
2017-11-30,71,NA
2017-12-01,69,NA
2017-12-02,29,NA
2017-12-03,20,NA
2017-12-04,74,NA
2017-12-05,66,NA
2017-12-06,80,NA
2017-12-07,76,NA
2017-12-08,60,NA
2017-12-09,8,NA
2017-12-10,20,NA
2017-12-11,64,NA
2017-12-12,60,NA
2017-12-13,49,NA
2017-12-14,27,NA
2017-12-15,27,NA
2017-12-16,15,NA
2017-12-17,11,NA
2017-12-18,47,NA
2017-12-19,52,NA
2017-12-20,62,NA
2017-12-21,45,NA
2017-12-22,44,NA
2017-12-23,9,NA
2017-12-24,8,NA
2017-12-25,10,NA
2017-12-26,13,NA
2017-12-27,12,NA
2017-12-28,11,NA
2017-12-29,11,NA
2017-12-30,1,NA
2017-12-31,7,NA
2012-10-01,NA,289
2012-10-02,NA,295
2012-10-03,NA,293
2012-10-04,NA,295
2012-10-05,NA,296
2012-10-06,NA,300
2012-10-07,NA,298
2012-10-08,NA,287
2012-10-09,NA,286
2012-10-10,NA,289
2012-10-11,NA,291
2012-10-12,NA,289
2012-10-13,NA,287
2012-10-14,NA,285
2012-10-15,NA,295
2012-10-16,NA,295
2012-10-17,NA,289
2012-10-18,NA,290
2012-10-19,NA,292
2012-10-20,NA,293
2012-10-21,NA,291
2012-10-22,NA,291
2012-10-23,NA,293
2012-10-24,NA,291
2012-10-25,NA,289
2012-10-26,NA,290
2012-10-27,NA,292
2012-10-28,NA,291
2012-10-29,NA,289
2012-10-30,NA,290
2012-10-31,NA,289
2012-11-01,NA,284
2012-11-02,NA,284
2012-11-03,NA,285
2012-11-04,NA,284
2012-11-05,NA,284
2012-11-06,NA,282
2012-11-07,NA,280
2012-11-08,NA,278
2012-11-09,NA,282
2012-11-10,NA,285
2012-11-11,NA,286
2012-11-12,NA,291
2012-11-13,NA,292
2012-11-14,NA,289
2012-11-15,NA,283
2012-11-16,NA,280
2012-11-17,NA,282
2012-11-18,NA,285
2012-11-19,NA,283
2012-11-20,NA,282
2012-11-21,NA,283
2012-11-22,NA,286
2012-11-23,NA,287
2012-11-24,NA,288
2012-11-25,NA,283
2012-11-26,NA,278
2012-11-27,NA,283
2012-11-28,NA,276
2012-11-29,NA,278
2012-11-30,NA,280
2012-12-01,NA,281
2012-12-02,NA,282
2012-12-03,NA,283
2012-12-04,NA,290
2012-12-05,NA,289
2012-12-06,NA,286
2012-12-07,NA,279
2012-12-08,NA,279
2012-12-09,NA,285
2012-12-10,NA,282
2012-12-11,NA,287
2012-12-12,NA,287
2012-12-13,NA,280
2012-12-14,NA,281
2012-12-15,NA,284
2012-12-16,NA,282
2012-12-17,NA,281
2012-12-18,NA,279
2012-12-19,NA,286
2012-12-20,NA,283
2012-12-21,NA,279
2012-12-22,NA,286
2012-12-23,NA,277
2012-12-24,NA,279
2012-12-25,NA,277
2012-12-26,NA,278
2012-12-27,NA,276
2012-12-28,NA,277
2012-12-29,NA,277
2012-12-30,NA,274
2012-12-31,NA,275
2013-01-01,NA,277
2013-01-02,NA,277
2013-01-03,NA,274
2013-01-04,NA,274
2013-01-05,NA,277
2013-01-06,NA,280
2013-01-07,NA,282
2013-01-08,NA,281
2013-01-09,NA,282
2013-01-10,NA,282
2013-01-11,NA,282
2013-01-12,NA,279
2013-01-13,NA,281
2013-01-14,NA,282
2013-01-15,NA,286
2013-01-16,NA,282
2013-01-17,NA,278
2013-01-18,NA,279
2013-01-19,NA,277
2013-01-20,NA,281
2013-01-21,NA,285
2013-01-22,NA,278
2013-01-23,NA,272
2013-01-24,NA,266
2013-01-25,NA,268
2013-01-26,NA,269
2013-01-27,NA,271
2013-01-28,NA,274
2013-01-29,NA,280
2013-01-30,NA,281
2013-01-31,NA,286
2013-02-01,NA,285
2013-02-02,NA,274
2013-02-03,NA,271
2013-02-04,NA,273
2013-02-05,NA,272
2013-02-06,NA,272
2013-02-07,NA,277
2013-02-08,NA,274
2013-02-09,NA,274
2013-02-10,NA,274
2013-02-11,NA,276
2013-02-12,NA,278
2013-02-13,NA,279
2013-02-14,NA,279
2013-02-15,NA,281
2013-02-16,NA,286
2013-02-17,NA,280
2013-02-18,NA,274
2013-02-19,NA,276
2013-02-20,NA,281
2013-02-21,NA,280
2013-02-22,NA,275
2013-02-23,NA,278
2013-02-24,NA,278
2013-02-25,NA,281
2013-02-26,NA,280
2013-02-27,NA,280
2013-02-28,NA,281
2013-03-01,NA,283
2013-03-02,NA,280
2013-03-03,NA,277
2013-03-04,NA,277
2013-03-05,NA,278
2013-03-06,NA,282
2013-03-07,NA,279
2013-03-08,NA,278
2013-03-09,NA,277
2013-03-10,NA,286
2013-03-11,NA,282
2013-03-12,NA,284
2013-03-13,NA,285
2013-03-14,NA,284
2013-03-15,NA,279
2013-03-16,NA,281
2013-03-17,NA,281
2013-03-18,NA,276
2013-03-19,NA,276
2013-03-20,NA,280
2013-03-21,NA,280
2013-03-22,NA,278
2013-03-23,NA,278
2013-03-24,NA,280
2013-03-25,NA,281
2013-03-26,NA,279
2013-03-27,NA,283
2013-03-28,NA,284
2013-03-29,NA,282
2013-03-30,NA,285
2013-03-31,NA,287
2013-04-01,NA,285
2013-04-02,NA,289
2013-04-03,NA,281
2013-04-04,NA,281
2013-04-05,NA,284
2013-04-06,NA,290
2013-04-07,NA,285
2013-04-08,NA,286
2013-04-09,NA,296
2013-04-10,NA,301
2013-04-11,NA,296
2013-04-12,NA,289
2013-04-13,NA,282
2013-04-14,NA,287
2013-04-15,NA,287
2013-04-16,NA,287
2013-04-17,NA,291
2013-04-18,NA,294
2013-04-19,NA,290
2013-04-20,NA,295
2013-04-21,NA,292
2013-04-22,NA,285
2013-04-23,NA,285
2013-04-24,NA,284
2013-04-25,NA,293
2013-04-26,NA,291
2013-04-27,NA,292
2013-04-28,NA,293
2013-04-29,NA,293
2013-04-30,NA,288
2013-05-01,NA,292
2013-05-02,NA,292
2013-05-03,NA,294
2013-05-04,NA,290
2013-05-05,NA,293
2013-05-06,NA,289
2013-05-07,NA,292
2013-05-08,NA,295
2013-05-09,NA,292
2013-05-10,NA,292
2013-05-11,NA,299
2013-05-12,NA,294
2013-05-13,NA,293
2013-05-14,NA,288
2013-05-15,NA,289
2013-05-16,NA,293
2013-05-17,NA,300
2013-05-18,NA,297
2013-05-19,NA,294
2013-05-20,NA,289
2013-05-21,NA,299
2013-05-22,NA,303
2013-05-23,NA,300
2013-05-24,NA,298
2013-05-25,NA,293
2013-05-26,NA,285
2013-05-27,NA,292
2013-05-28,NA,296
2013-05-29,NA,294
2013-05-30,NA,302
2013-05-31,NA,306
2013-06-01,NA,306
2013-06-02,NA,305
2013-06-03,NA,303
2013-06-04,NA,300
2013-06-05,NA,297
2013-06-06,NA,296
2013-06-07,NA,294
2013-06-08,NA,291
2013-06-09,NA,298
2013-06-10,NA,300
2013-06-11,NA,297
2013-06-12,NA,300
2013-06-13,NA,298
2013-06-14,NA,296
2013-06-15,NA,296
2013-06-16,NA,300
2013-06-17,NA,301
2013-06-18,NA,303
2013-06-19,NA,301
2013-06-20,NA,298
2013-06-21,NA,299
2013-06-22,NA,300
2013-06-23,NA,303
2013-06-24,NA,304
2013-06-25,NA,307
2013-06-26,NA,307
2013-06-27,NA,304
2013-06-28,NA,305
2013-06-29,NA,304
2013-06-30,NA,303
