date,y,x,day_of_month,month,day_of_week,daysinmonth
2017-01-01,3.5682397,0.0,1,1,6,31
2017-01-02,5.2016306,0.0,2,1,0,31
2017-01-03,5.643587,0.0,3,1,1,31
2017-01-04,11.25248,0.9918099513493635,4,1,2,31
2017-01-05,3.7982104,0.0,5,1,3,31
2017-01-06,4.099009,0.0,6,1,4,31
2017-01-07,6.231933,0.0,7,1,5,31
2017-01-08,7.211367,0.0,8,1,6,31
2017-01-09,7.183468,0.0,9,1,0,31
2017-01-10,7.0642586,0.0,10,1,1,31
2017-01-11,5.152547,0.0,11,1,2,31
2017-01-12,3.9244578,0.0,12,1,3,31
2017-01-13,4.011611,0.0,13,1,4,31
2017-01-14,3.6416903,0.0,14,1,5,31
2017-01-15,4.6673055,0.0,15,1,6,31
2017-01-16,5.464782,0.0,16,1,0,31
2017-01-17,4.331986,0.0,17,1,1,31
2017-01-18,3.4060707,0.0,18,1,2,31
2017-01-19,1.4945819,0.0,19,1,3,31
2017-01-20,1.0112958,0.0,20,1,4,31
2017-01-21,9.048344,0.9580734801193802,21,1,5,31
2017-01-22,3.6271672,0.0,22,1,6,31
2017-01-23,4.320421,0.0,23,1,0,31
2017-01-24,3.0718417,0.0,24,1,1,31
2017-01-25,2.385073,0.0,25,1,2,31
2017-01-26,1.912788,0.0,26,1,3,31
2017-01-27,7.546017,0.9963343376272473,27,1,4,31
2017-01-28,3.693582,0.0,28,1,5,31
2017-01-29,4.8648434,0.0,29,1,6,31
2017-01-30,6.0059237,0.0,30,1,0,31
2017-01-31,5.7236648,0.0,31,1,1,31
2017-02-01,5.611793,0.0,1,2,2,28
2017-02-02,4.11738,0.0,2,2,3,28
2017-02-03,4.007218,0.0,3,2,4,28
2017-02-04,6.3137784,0.0,4,2,5,28
2017-02-05,6.8308296,0.0,5,2,6,28
2017-02-06,8.2892275,0.0,6,2,0,28
2017-02-07,6.720634,0.0,7,2,1,28
2017-02-08,5.7469697,0.0,8,2,2,28
2017-02-09,5.3731394,0.0,9,2,3,28
2017-02-10,5.4344077,0.0,10,2,4,28
2017-02-11,5.880112,0.0,11,2,5,28
2017-02-12,6.6542172,0.0,12,2,6,28
2017-02-13,6.730901,0.0,13,2,0,28
2017-02-14,5.1593347,0.0,14,2,1,28
2017-02-15,3.8511605,0.0,15,2,2,28
2017-02-16,2.5665205,0.0,16,2,3,28
2017-02-17,2.971967,0.0,17,2,4,28
2017-02-18,3.3416188,0.0,18,2,5,28
2017-02-19,3.3440952,0.0,19,2,6,28
2017-02-20,4.8292303,0.0,20,2,0,28
2017-02-21,3.884136,0.0,21,2,1,28
2017-02-22,2.5434256,0.0,22,2,2,28
2017-02-23,2.3417456,0.0,23,2,3,28
2017-02-24,2.8131592,0.0,24,2,4,28
2017-02-25,4.1208444,0.0,25,2,5,28
2017-02-26,4.9067335,0.0,26,2,6,28
2017-02-27,6.1818657,0.0,27,2,0,28
2017-02-28,6.4047556,0.0,28,2,1,28
2017-03-01,4.9495845,0.0,1,3,2,31
2017-03-02,3.6125388,0.0,2,3,3,31
2017-03-03,4.134751,0.0,3,3,4,31
2017-03-04,5.0205283,0.0,4,3,5,31
2017-03-05,6.5134773,0.0,5,3,6,31
2017-03-06,8.281767,0.0,6,3,0,31
2017-03-07,8.111017,0.0,7,3,1,31
2017-03-08,6.1688867,0.0,8,3,2,31
2017-03-09,5.6480155,0.0,9,3,3,31
2017-03-10,11.196714,0.9983475113929496,10,3,4,31
2017-03-11,5.5267763,0.0,11,3,5,31
2017-03-12,7.039963,0.0,12,3,6,31
2017-03-13,7.8804398,0.0,13,3,0,31
2017-03-14,6.1762156,0.0,14,3,1,31
2017-03-15,5.3302164,0.0,15,3,2,31
2017-03-16,1.834674,0.0,16,3,3,31
2017-03-17,3.1779351,0.0,17,3,4,31
2017-03-18,3.4749618,0.0,18,3,5,31
2017-03-19,4.237307,0.0,19,3,6,31
2017-03-20,4.7369876,0.0,20,3,0,31
2017-03-21,2.9366815,0.0,21,3,1,31
2017-03-22,2.429098,0.0,22,3,2,31
2017-03-23,1.6564187,0.0,23,3,3,31
2017-03-24,2.2550385,0.0,24,3,4,31
2017-03-25,2.3936498,0.0,25,3,5,31
2017-03-26,3.7132185,0.0,26,3,6,31
2017-03-27,4.6963654,0.0,27,3,0,31
2017-03-28,5.1644044,0.0,28,3,1,31
2017-03-29,3.97293,0.0,29,3,2,31
2017-03-30,2.9290297,0.0,30,3,3,31
2017-03-31,3.8699255,0.0,31,3,4,31
2017-04-01,4.044998,0.0,1,4,5,30
2017-04-02,6.163985,0.0,2,4,6,30
2017-04-03,6.271914,0.0,3,4,0,30
2017-04-04,6.2213607,0.0,4,4,1,30
2017-04-05,5.182064,0.0,5,4,2,30
2017-04-06,3.8148177,0.0,6,4,3,30
2017-04-07,4.79752,0.0,7,4,4,30
2017-04-08,5.8135037,0.0,8,4,5,30
2017-04-09,6.883353,0.0,9,4,6,30
2017-04-10,7.173835,0.0,10,4,0,30
2017-04-11,5.7884407,0.0,11,4,1,30
2017-04-12,4.7214885,0.0,12,4,2,30
2017-04-13,3.3960042,0.0,13,4,3,30
2017-04-14,2.7837923,0.0,14,4,4,30
2017-04-15,3.721258,0.0,15,4,5,30
2017-04-16,4.8721433,0.0,16,4,6,30
2017-04-17,5.7952557,0.0,17,4,0,30
2017-04-18,4.0274253,0.0,18,4,1,30
2017-04-19,2.50392,0.0,19,4,2,30
2017-04-20,1.0891418,0.0,20,4,3,30
2017-04-21,5.7511683,0.956614621083458,21,4,4,30
2017-04-22,1.9028261,0.0,22,4,5,30
2017-04-23,3.2296033,0.0,23,4,6,30
2017-04-24,5.097109,0.0,24,4,0,30
2017-04-25,3.3888237,0.0,25,4,1,30
2017-04-26,2.6266594,0.0,26,4,2,30
2017-04-27,1.7656319,0.0,27,4,3,30
2017-04-28,1.5747204,0.0,28,4,4,30
2017-04-29,4.1596875,0.0,29,4,5,30
2017-04-30,5.6628985,0.0,30,4,6,30
2017-05-01,5.7484865,0.0,1,5,0,31
2017-05-02,4.7332892,0.0,2,5,1,31
2017-05-03,4.987777,0.0,3,5,2,31
2017-05-04,2.8883457,0.0,4,5,3,31
2017-05-05,4.143844,0.0,5,5,4,31
2017-05-06,6.1549,0.0,6,5,5,31
2017-05-07,5.94815,0.0,7,5,6,31
2017-05-08,6.758759,0.0,8,5,0,31
2017-05-09,6.478848,0.0,9,5,1,31
2017-05-10,4.780813,0.0,10,5,2,31
2017-05-11,3.0385127,0.0,11,5,3,31
2017-05-12,3.5822754,0.0,12,5,4,31
2017-05-13,3.7152631,0.0,13,5,5,31
2017-05-14,5.393175,0.0,14,5,6,31
2017-05-15,10.658171,0.9633944342135504,15,5,0,31
2017-05-16,5.155742,0.0,16,5,1,31
2017-05-17,2.336378,0.0,17,5,2,31
2017-05-18,1.1899979,0.0,18,5,3,31
2017-05-19,1.4381588,0.0,19,5,4,31
2017-05-20,1.1672857,0.0,20,5,5,31
2017-05-21,2.963799,0.0,21,5,6,31
2017-05-22,9.827977,0.9812970904972467,22,5,0,31
2017-05-23,1.8691127,0.0,23,5,1,31
2017-05-24,1.5288696,0.0,24,5,2,31
2017-05-25,0.6624158,0.0,25,5,3,31
2017-05-26,1.1137067,0.0,26,5,4,31
2017-05-27,1.3817443,0.0,27,5,5,31
2017-05-28,8.760083,0.9720053296315371,28,5,6,31
2017-05-29,4.779781,0.0,29,5,0,31
2017-05-30,4.5005383,0.0,30,5,1,31
2017-05-31,3.6227071,0.0,31,5,2,31
2017-06-01,2.5626683,0.0,1,6,3,30
2017-06-02,2.4588108,0.0,2,6,4,30
2017-06-03,4.306397,0.0,3,6,5,30
2017-06-04,5.928169,0.0,4,6,6,30
2017-06-05,6.2465606,0.0,5,6,0,30
2017-06-06,7.1534476,0.0,6,6,1,30
2017-06-07,5.2868695,0.0,7,6,2,30
2017-06-08,3.4480588,0.0,8,6,3,30
2017-06-09,4.296438,0.0,9,6,4,30
2017-06-10,4.3397636,0.0,10,6,5,30
2017-06-11,6.2551885,0.0,11,6,6,30
2017-06-12,6.70623,0.0,12,6,0,30
2017-06-13,4.8009224,0.0,13,6,1,30
2017-06-14,4.0374336,0.0,14,6,2,30
2017-06-15,2.3397436,0.0,15,6,3,30
2017-06-16,2.1396182,0.0,16,6,4,30
2017-06-17,3.3080204,0.0,17,6,5,30
2017-06-18,3.1548185,0.0,18,6,6,30
2017-06-19,3.165617,0.0,19,6,0,30
2017-06-20,2.298085,0.0,20,6,1,30
2017-06-21,0.90669954,0.0,21,6,2,30
2017-06-22,0.18224981,0.0,22,6,3,30
2017-06-23,0.40213355,0.0,23,6,4,30
2017-06-24,1.4852211,0.0,24,6,5,30
2017-06-25,3.2102203,0.0,25,6,6,30
2017-06-26,3.62429,0.0,26,6,0,30
2017-06-27,4.101104,0.0,27,6,1,30
2017-06-28,2.3456433,0.0,28,6,2,30
2017-06-29,3.2285488,0.0,29,6,3,30
2017-06-30,2.6075966,0.0,30,6,4,30
2017-07-01,3.314839,0.0,1,7,5,31
2017-07-02,4.8735003,0.0,2,7,6,31
2017-07-03,6.579133,0.0,3,7,0,31
2017-07-04,5.978772,0.0,4,7,1,31
2017-07-05,5.4364758,0.0,5,7,2,31
2017-07-06,4.4868865,0.0,6,7,3,31
2017-07-07,4.325497,0.0,7,7,4,31
2017-07-08,4.9868584,0.0,8,7,5,31
2017-07-09,5.870708,0.0,9,7,6,31
2017-07-10,6.839198,0.0,10,7,0,31
2017-07-11,6.7219,0.0,11,7,1,31
2017-07-12,10.772896,0.9849896561408751,12,7,2,31
2017-07-13,2.793227,0.0,13,7,3,31
2017-07-14,3.140773,0.0,14,7,4,31
2017-07-15,3.8780532,0.0,15,7,5,31
2017-07-16,4.1177044,0.0,16,7,6,31
2017-07-17,4.8147335,0.0,17,7,0,31
2017-07-18,3.840161,0.0,18,7,1,31
2017-07-19,1.6482102,0.0,19,7,2,31
2017-07-20,1.1118736,0.0,20,7,3,31
2017-07-21,1.0090451,0.0,21,7,4,31
2017-07-22,2.1570034,0.0,22,7,5,31
2017-07-23,3.3597825,0.0,23,7,6,31
2017-07-24,2.738943,0.0,24,7,0,31
2017-07-25,8.291996,0.9644766539008116,25,7,1,31
2017-07-26,2.1503375,0.0,26,7,2,31
2017-07-27,1.389285,0.0,27,7,3,31
2017-07-28,1.7064755,0.0,28,7,4,31
2017-07-29,4.756294,0.0,29,7,5,31
2017-07-30,4.779954,0.0,30,7,6,31
2017-07-31,6.039074,0.0,31,7,0,31
2017-08-01,6.344552,0.0,1,8,1,31
2017-08-02,5.319706,0.0,2,8,2,31
2017-08-03,4.18186,0.0,3,8,3,31
2017-08-04,5.035331,0.0,4,8,4,31
2017-08-05,5.5440817,0.0,5,8,5,31
2017-08-06,7.268562,0.0,6,8,6,31
2017-08-07,7.819704,0.0,7,8,0,31
2017-08-08,7.568242,0.0,8,8,1,31
2017-08-09,7.3635,0.0,9,8,2,31
2017-08-10,4.123454,0.0,10,8,3,31
2017-08-11,5.1952643,0.0,11,8,4,31
2017-08-12,10.694849,0.9835214727152221,12,8,5,31
2017-08-13,6.310038,0.0,13,8,6,31
2017-08-14,7.292391,0.0,14,8,0,31
2017-08-15,5.827898,0.0,15,8,1,31
2017-08-16,3.5921671,0.0,16,8,2,31
2017-08-17,2.3682706,0.0,17,8,3,31
2017-08-18,2.7027621,0.0,18,8,4,31
2017-08-19,2.6922033,0.0,19,8,5,31
2017-08-20,4.1646924,0.0,20,8,6,31
2017-08-21,4.438798,0.0,21,8,0,31
2017-08-22,3.393717,0.0,22,8,1,31
2017-08-23,3.469985,0.0,23,8,2,31
2017-08-24,1.7265626,0.0,24,8,3,31
2017-08-25,6.3099647,0.9671266152591704,25,8,4,31
2017-08-26,2.8176074,0.0,26,8,5,31
2017-08-27,9.82356,0.9841103190364978,27,8,6,31
2017-08-28,5.5564895,0.0,28,8,0,31
2017-08-29,4.531715,0.0,29,8,1,31
2017-08-30,3.9963248,0.0,30,8,2,31
2017-08-31,3.6997073,0.0,31,8,3,31
2017-09-01,5.237499,0.0,1,9,4,30
2017-09-02,5.6283436,0.0,2,9,5,30
2017-09-03,7.700879,0.0,3,9,6,30
2017-09-04,8.514644,0.0,4,9,0,30
2017-09-05,8.114926,0.0,5,9,1,30
2017-09-06,8.23382,0.0,6,9,2,30
2017-09-07,6.631276,0.0,7,9,3,30
2017-09-08,5.8067536,0.0,8,9,4,30
2017-09-09,7.835256,0.0,9,9,5,30
2017-09-10,9.5447235,0.0,10,9,6,30
2017-09-11,9.327226,0.0,11,9,0,30
2017-09-12,7.184146,0.0,12,9,1,30
2017-09-13,6.0789003,0.0,13,9,2,30
2017-09-14,5.54743,0.0,14,9,3,30
2017-09-15,4.152573,0.0,15,9,4,30
2017-09-16,5.338402,0.0,16,9,5,30
2017-09-17,6.3833895,0.0,17,9,6,30
2017-09-18,5.7434688,0.0,18,9,0,30
2017-09-19,5.309859,0.0,19,9,1,30
2017-09-20,2.212362,0.0,20,9,2,30
2017-09-21,2.1411984,0.0,21,9,3,30
2017-09-22,2.4482875,0.0,22,9,4,30
2017-09-23,2.9764416,0.0,23,9,5,30
2017-09-24,5.780555,0.0,24,9,6,30
2017-09-25,4.992155,0.0,25,9,0,30
2017-09-26,5.1762285,0.0,26,9,1,30
2017-09-27,4.511333,0.0,27,9,2,30
2017-09-28,4.5190144,0.0,28,9,3,30
2017-09-29,3.4860659,0.0,29,9,4,30
2017-09-30,6.227024,0.0,30,9,5,30
2017-10-01,8.39709,0.0,1,10,6,31
2017-10-02,8.86001,0.0,2,10,0,31
2017-10-03,9.378767,0.0,3,10,1,31
2017-10-04,8.293152,0.0,4,10,2,31
2017-10-05,7.131398,0.0,5,10,3,31
2017-10-06,7.652458,0.0,6,10,4,31
2017-10-07,14.426451,0.9791049380151545,7,10,5,31
2017-10-08,10.098546,0.0,8,10,6,31
2017-10-09,10.884118,0.0,9,10,0,31
2017-10-10,10.648512,0.0,10,10,1,31
2017-10-11,7.761264,0.0,11,10,2,31
2017-10-12,8.157934,0.0,12,10,3,31
2017-10-13,5.7909384,0.0,13,10,4,31
2017-10-14,7.344572,0.0,14,10,5,31
2017-10-15,8.594919,0.0,15,10,6,31
2017-10-16,8.609001,0.0,16,10,0,31
2017-10-17,7.203635,0.0,17,10,1,31
2017-10-18,5.777647,0.0,18,10,2,31
2017-10-19,4.292994,0.0,19,10,3,31
2017-10-20,3.9735875,0.0,20,10,4,31
2017-10-21,5.50425,0.0,21,10,5,31
2017-10-22,6.3939753,0.0,22,10,6,31
2017-10-23,6.3800297,0.0,23,10,0,31
2017-10-24,6.639529,0.0,24,10,1,31
2017-10-25,5.1832914,0.0,25,10,2,31
2017-10-26,4.6040964,0.0,26,10,3,31
2017-10-27,4.767646,0.0,27,10,4,31
2017-10-28,5.3705015,0.0,28,10,5,31
2017-10-29,7.135179,0.0,29,10,6,31
2017-10-30,8.74721,0.0,30,10,0,31
2017-10-31,8.523977,0.0,31,10,1,31
2017-11-01,8.277593,0.0,1,11,2,30
2017-11-02,7.73405,0.0,2,11,3,30
2017-11-03,8.683664,0.0,3,11,4,30
2017-11-04,9.08477,0.0,4,11,5,30
2017-11-05,11.176198,0.0,5,11,6,30
2017-11-06,11.543682,0.0,6,11,0,30
2017-11-07,11.065388,0.0,7,11,1,30
2017-11-08,10.46187,0.0,8,11,2,30
2017-11-09,9.227841,0.0,9,11,3,30
2017-11-10,9.059065,0.0,10,11,4,30
2017-11-11,15.944984,0.9768003285106593,11,11,5,30
2017-11-12,10.40745,0.0,12,11,6,30
2017-11-13,10.947785,0.0,13,11,0,30
2017-11-14,9.496437,0.0,14,11,1,30
2017-11-15,8.135977,0.0,15,11,2,30
2017-11-16,6.482474,0.0,16,11,3,30
2017-11-17,6.205526,0.0,17,11,4,30
2017-11-18,7.1172986,0.0,18,11,5,30
2017-11-19,7.3760095,0.0,19,11,6,30
2017-11-20,9.157406,0.0,20,11,0,30
2017-11-21,6.8804493,0.0,21,11,1,30
2017-11-22,5.4274755,0.0,22,11,2,30
2017-11-23,5.602998,0.0,23,11,3,30
2017-11-24,11.290597,0.962810357074026,24,11,4,30
2017-11-25,6.624713,0.0,25,11,5,30
2017-11-26,8.148604,0.0,26,11,6,30
2017-11-27,8.71078,0.0,27,11,0,30
2017-11-28,8.072581,0.0,28,11,1,30
2017-11-29,7.694704,0.0,29,11,2,30
2017-11-30,6.7233176,0.0,30,11,3,30
2017-12-01,8.476935,0.0,1,12,4,31
2017-12-02,9.326551,0.0,2,12,5,31
2017-12-03,10.617076,0.0,3,12,6,31
2017-12-04,11.747836,0.0,4,12,0,31
2017-12-05,11.804809,0.0,5,12,1,31
2017-12-06,10.232543,0.0,6,12,2,31
2017-12-07,9.193905,0.0,7,12,3,31
2017-12-08,9.754191,0.0,8,12,4,31
2017-12-09,10.718047,0.0,9,12,5,31
2017-12-10,11.477372,0.0,10,12,6,31
2017-12-11,11.852828,0.0,11,12,0,31
2017-12-12,11.367583,0.0,12,12,1,31
2017-12-13,8.933129,0.0,13,12,2,31
2017-12-14,7.570647,0.0,14,12,3,31
2017-12-15,7.525511,0.0,15,12,4,31
2017-12-16,8.397739,0.0,16,12,5,31
2017-12-17,9.539261,0.0,17,12,6,31
2017-12-18,10.321078,0.0,18,12,0,31
2017-12-19,9.122016,0.0,19,12,1,31
2017-12-20,7.0720744,0.0,20,12,2,31
2017-12-21,5.9174733,0.0,21,12,3,31
2017-12-22,5.2918267,0.0,22,12,4,31
2017-12-23,6.74687,0.0,23,12,5,31
2017-12-24,13.880565,0.9954375161913099,24,12,6,31
2017-12-25,8.886443,0.0,25,12,0,31
2017-12-26,7.9315243,0.0,26,12,1,31
2017-12-27,7.5900927,0.0,27,12,2,31
2017-12-28,7.392747,0.0,28,12,3,31
2017-12-29,6.9323907,0.0,29,12,4,31
2017-12-30,8.59797,0.0,30,12,5,31
2017-12-31,10.420343,0.0,31,12,6,31
2018-01-01,10.830607,0.0,1,1,0,31
2018-01-02,10.971133,0.0,2,1,1,31
2018-01-03,9.956701,0.0,3,1,2,31
2018-01-04,9.295116,0.0,4,1,3,31
2018-01-05,9.113962,0.0,5,1,4,31
2018-01-06,10.715083,0.0,6,1,5,31
2018-01-07,12.328737,0.0,7,1,6,31
2018-01-08,13.397022,0.0,8,1,0,31
2018-01-09,12.53148,0.0,9,1,1,31
2018-01-10,11.725302,0.0,10,1,2,31
2018-01-11,9.039723,0.0,11,1,3,31
2018-01-12,9.587155,0.0,12,1,4,31
2018-01-13,9.934589,0.0,13,1,5,31
2018-01-14,11.84134,0.0,14,1,6,31
2018-01-15,10.5170355,0.0,15,1,0,31
2018-01-16,9.538244,0.0,16,1,1,31
2018-01-17,7.9993515,0.0,17,1,2,31
2018-01-18,5.853887,0.0,18,1,3,31
2018-01-19,6.3271422,0.0,19,1,4,31
2018-01-20,6.955634,0.0,20,1,5,31
2018-01-21,8.47166,0.0,21,1,6,31
2018-01-22,8.997854,0.0,22,1,0,31
2018-01-23,9.1453,0.0,23,1,1,31
2018-01-24,13.143364,0.9505310525862035,24,1,2,31
2018-01-25,5.7665353,0.0,25,1,3,31
2018-01-26,5.790245,0.0,26,1,4,31
2018-01-27,7.757026,0.0,27,1,5,31
2018-01-28,8.433244,0.0,28,1,6,31
2018-01-29,10.933898,0.0,29,1,0,31
2018-01-30,10.435446,0.0,30,1,1,31
2018-01-31,8.750916,0.0,31,1,2,31
2018-02-01,7.0134544,0.0,1,2,3,28
2018-02-02,8.97586,0.0,2,2,4,28
2018-02-03,9.644703,0.0,3,2,5,28
2018-02-04,11.912736,0.0,4,2,6,28
2018-02-05,17.134996,0.9715326909010507,5,2,0,28
2018-02-06,11.392613,0.0,6,2,1,28
2018-02-07,10.482176,0.0,7,2,2,28
2018-02-08,9.441342,0.0,8,2,3,28
2018-02-09,9.051006,0.0,9,2,4,28
2018-02-10,10.372955,0.0,10,2,5,28
2018-02-11,10.486137,0.0,11,2,6,28
2018-02-12,11.140386,0.0,12,2,0,28
2018-02-13,10.290297,0.0,13,2,1,28
2018-02-14,8.779365,0.0,14,2,2,28
2018-02-15,7.4212837,0.0,15,2,3,28
2018-02-16,6.0864644,0.0,16,2,4,28
2018-02-17,6.5262136,0.0,17,2,5,28
2018-02-18,8.890457,0.0,18,2,6,28
2018-02-19,8.750272,0.0,19,2,0,28
2018-02-20,7.5031843,0.0,20,2,1,28
2018-02-21,7.3398294,0.0,21,2,2,28
2018-02-22,5.66054,0.0,22,2,3,28
2018-02-23,6.3462367,0.0,23,2,4,28
2018-02-24,7.052252,0.0,24,2,5,28
2018-02-25,9.640514,0.0,25,2,6,28
2018-02-26,10.437727,0.0,26,2,0,28
2018-02-27,9.299464,0.0,27,2,1,28
2018-02-28,9.091678,0.0,28,2,2,28
2018-03-01,7.386403,0.0,1,3,3,31
2018-03-02,8.140047,0.0,2,3,4,31
2018-03-03,8.350658,0.0,3,3,5,31
2018-03-04,10.758094,0.0,4,3,6,31
2018-03-05,17.719524,0.9928168389990704,5,3,0,31
2018-03-06,9.973356,0.0,6,3,1,31
2018-03-07,9.099368,0.0,7,3,2,31
2018-03-08,7.6800523,0.0,8,3,3,31
2018-03-09,8.509523,0.0,9,3,4,31
2018-03-10,9.885954,0.0,10,3,5,31
2018-03-11,11.339139,0.0,11,3,6,31
2018-03-12,10.916778,0.0,12,3,0,31
2018-03-13,10.802933,0.0,13,3,1,31
2018-03-14,7.6634736,0.0,14,3,2,31
2018-03-15,6.0935555,0.0,15,3,3,31
2018-03-16,12.248938,0.9550605114849889,16,3,4,31
2018-03-17,7.36543,0.0,17,3,5,31
2018-03-18,8.059946,0.0,18,3,6,31
2018-03-19,7.280946,0.0,19,3,0,31
2018-03-20,7.4322753,0.0,20,3,1,31
2018-03-21,5.3472586,0.0,21,3,2,31
2018-03-22,5.1818357,0.0,22,3,3,31
2018-03-23,4.974734,0.0,23,3,4,31
2018-03-24,5.3653693,0.0,24,3,5,31
2018-03-25,6.9545217,0.0,25,3,6,31
2018-03-26,7.4305186,0.0,26,3,0,31
2018-03-27,7.617404,0.0,27,3,1,31
2018-03-28,7.1700196,0.0,28,3,2,31
2018-03-29,5.5414023,0.0,29,3,3,31
2018-03-30,6.6780586,0.0,30,3,4,31
2018-03-31,7.5868225,0.0,31,3,5,31
2018-04-01,8.079006,0.0,1,4,6,30
2018-04-02,9.389973,0.0,2,4,0,30
2018-04-03,8.728822,0.0,3,4,1,30
2018-04-04,8.016935,0.0,4,4,2,30
2018-04-05,6.928516,0.0,5,4,3,30
2018-04-06,8.685477,0.0,6,4,4,30
2018-04-07,8.830939,0.0,7,4,5,30
2018-04-08,9.738043,0.0,8,4,6,30
2018-04-09,10.678304,0.0,9,4,0,30
2018-04-10,9.785888,0.0,10,4,1,30
2018-04-11,8.222347,0.0,11,4,2,30
2018-04-12,7.317074,0.0,12,4,3,30
2018-04-13,7.032189,0.0,13,4,4,30
2018-04-14,7.01374,0.0,14,4,5,30
2018-04-15,7.8498,0.0,15,4,6,30
2018-04-16,8.154644,0.0,16,4,0,30
2018-04-17,6.1843038,0.0,17,4,1,30
2018-04-18,4.9520583,0.0,18,4,2,30
2018-04-19,5.0701942,0.0,19,4,3,30
2018-04-20,4.968967,0.0,20,4,4,30
2018-04-21,4.875054,0.0,21,4,5,30
2018-04-22,6.4754076,0.0,22,4,6,30
2018-04-23,6.9129834,0.0,23,4,0,30
2018-04-24,7.8244205,0.0,24,4,1,30
2018-04-25,5.751262,0.0,25,4,2,30
2018-04-26,4.3610463,0.0,26,4,3,30
2018-04-27,4.2633877,0.0,27,4,4,30
2018-04-28,5.3231297,0.0,28,4,5,30
2018-04-29,7.9001694,0.0,29,4,6,30
2018-04-30,8.406261,0.0,30,4,0,30
2018-05-01,7.001482,0.0,1,5,1,31
2018-05-02,6.5118175,0.0,2,5,2,31
2018-05-03,5.6358714,0.0,3,5,3,31
2018-05-04,7.332647,0.0,4,5,4,31
2018-05-05,8.2006445,0.0,5,5,5,31
2018-05-06,9.208437,0.0,6,5,6,31
2018-05-07,10.623953,0.0,7,5,0,31
2018-05-08,9.383748,0.0,8,5,1,31
2018-05-09,7.589472,0.0,9,5,2,31
2018-05-10,7.6287966,0.0,10,5,3,31
2018-05-11,6.9279623,0.0,11,5,4,31
2018-05-12,6.884073,0.0,12,5,5,31
2018-05-13,8.249718,0.0,13,5,6,31
2018-05-14,8.105275,0.0,14,5,0,31
2018-05-15,6.895831,0.0,15,5,1,31
2018-05-16,6.381925,0.0,16,5,2,31
2018-05-17,5.4647713,0.0,17,5,3,31
2018-05-18,3.444182,0.0,18,5,4,31
2018-05-19,5.115755,0.0,19,5,5,31
2018-05-20,5.5044255,0.0,20,5,6,31
2018-05-21,5.9421515,0.0,21,5,0,31
2018-05-22,5.18946,0.0,22,5,1,31
2018-05-23,3.7286124,0.0,23,5,2,31
2018-05-24,3.1929321,0.0,24,5,3,31
2018-05-25,2.859861,0.0,25,5,4,31
2018-05-26,4.6116776,0.0,26,5,5,31
2018-05-27,5.9732676,0.0,27,5,6,31
2018-05-28,6.7559385,0.0,28,5,0,31
2018-05-29,6.215895,0.0,29,5,1,31
2018-05-30,5.503588,0.0,30,5,2,31
2018-05-31,5.5597863,0.0,31,5,3,31
2018-06-01,5.335608,0.0,1,6,4,30
2018-06-02,6.0168715,0.0,2,6,5,30
2018-06-03,8.1916,0.0,3,6,6,30
2018-06-04,9.398276,0.0,4,6,0,30
2018-06-05,7.8740344,0.0,5,6,1,30
2018-06-06,7.886615,0.0,6,6,2,30
2018-06-07,12.2862425,0.9880359661555919,7,6,3,30
2018-06-08,6.979776,0.0,8,6,4,30
2018-06-09,7.24872,0.0,9,6,5,30
2018-06-10,7.831988,0.0,10,6,6,30
2018-06-11,8.244781,0.0,11,6,0,30
2018-06-12,8.212222,0.0,12,6,1,30
2018-06-13,6.6920333,0.0,13,6,2,30
2018-06-14,10.483895,0.9640174071177023,14,6,3,30
2018-06-15,5.0605154,0.0,15,6,4,30
2018-06-16,4.517394,0.0,16,6,5,30
2018-06-17,6.1915607,0.0,17,6,6,30
2018-06-18,5.826834,0.0,18,6,0,30
2018-06-19,5.236007,0.0,19,6,1,30
2018-06-20,4.0759087,0.0,20,6,2,30
2018-06-21,2.4393232,0.0,21,6,3,30
2018-06-22,2.5953698,0.0,22,6,4,30
2018-06-23,4.313508,0.0,23,6,5,30
2018-06-24,4.882899,0.0,24,6,6,30
2018-06-25,6.329048,0.0,25,6,0,30
2018-06-26,10.767881,0.9559188289553192,26,6,1,30
2018-06-27,4.908844,0.0,27,6,2,30
2018-06-28,4.714163,0.0,28,6,3,30
2018-06-29,3.1602113,0.0,29,6,4,30
2018-06-30,5.43608,0.0,30,6,5,30
2018-07-01,13.721698,0.9840131632104643,1,7,6,31
2018-07-02,8.383427,0.0,2,7,0,31
2018-07-03,14.231376,0.961135485407593,3,7,1,31
2018-07-04,7.0200047,0.0,4,7,2,31
2018-07-05,6.600292,0.0,5,7,3,31
2018-07-06,6.662337,0.0,6,7,4,31
2018-07-07,8.448128,0.0,7,7,5,31
2018-07-08,9.28591,0.0,8,7,6,31
2018-07-09,9.835932,0.0,9,7,0,31
2018-07-10,8.76082,0.0,10,7,1,31
2018-07-11,7.244815,0.0,11,7,2,31
2018-07-12,5.9807873,0.0,12,7,3,31
2018-07-13,6.0670724,0.0,13,7,4,31
2018-07-14,6.3100634,0.0,14,7,5,31
2018-07-15,7.542979,0.0,15,7,6,31
2018-07-16,8.600787,0.0,16,7,0,31
2018-07-17,7.0423913,0.0,17,7,1,31
2018-07-18,4.8078156,0.0,18,7,2,31
2018-07-19,4.226507,0.0,19,7,3,31
2018-07-20,8.946441,0.9664173858664074,20,7,4,31
2018-07-21,3.1414003,0.0,21,7,5,31
2018-07-22,4.789759,0.0,22,7,6,31
2018-07-23,4.8667555,0.0,23,7,0,31
2018-07-24,5.086983,0.0,24,7,1,31
2018-07-25,4.109217,0.0,25,7,2,31
2018-07-26,4.103616,0.0,26,7,3,31
2018-07-27,3.6814046,0.0,27,7,4,31
2018-07-28,4.737946,0.0,28,7,5,31
2018-07-29,12.85296,0.9938483888996982,29,7,6,31
2018-07-30,6.325302,0.0,30,7,0,31
2018-07-31,7.3913264,0.0,31,7,1,31
2018-08-01,7.346383,0.0,1,8,2,31
2018-08-02,5.594907,0.0,2,8,3,31
2018-08-03,7.264703,0.0,3,8,4,31
2018-08-04,8.19159,0.0,4,8,5,31
2018-08-05,9.336207,0.0,5,8,6,31
2018-08-06,10.608008,0.0,6,8,0,31
2018-08-07,10.96841,0.0,7,8,1,31
2018-08-08,8.68025,0.0,8,8,2,31
2018-08-09,13.423418,0.9640288471655137,9,8,3,31
2018-08-10,7.149672,0.0,10,8,4,31
2018-08-11,7.762802,0.0,11,8,5,31
2018-08-12,9.597854,0.0,12,8,6,31
2018-08-13,8.992015,0.0,13,8,0,31
2018-08-14,8.523938,0.0,14,8,1,31
2018-08-15,6.5886564,0.0,15,8,2,31
2018-08-16,5.64936,0.0,16,8,3,31
2018-08-17,5.185037,0.0,17,8,4,31
2018-08-18,6.18749,0.0,18,8,5,31
2018-08-19,6.3553014,0.0,19,8,6,31
2018-08-20,6.7660403,0.0,20,8,0,31
2018-08-21,5.637477,0.0,21,8,1,31
2018-08-22,4.49985,0.0,22,8,2,31
2018-08-23,9.722314,0.9809873781626851,23,8,3,31
2018-08-24,4.0514183,0.0,24,8,4,31
2018-08-25,4.335629,0.0,25,8,5,31
2018-08-26,6.683424,0.0,26,8,6,31
2018-08-27,7.7435813,0.0,27,8,0,31
2018-08-28,7.019431,0.0,28,8,1,31
2018-08-29,6.840583,0.0,29,8,2,31
2018-08-30,4.88839,0.0,30,8,3,31
2018-08-31,5.060207,0.0,31,8,4,31
2018-09-01,7.164329,0.0,1,9,5,30
2018-09-02,10.47302,0.0,2,9,6,30
2018-09-03,10.98368,0.0,3,9,0,30
2018-09-04,10.37929,0.0,4,9,1,30
2018-09-05,15.412874,0.9807393435834294,5,9,2,30
2018-09-06,7.982722,0.0,6,9,3,30
2018-09-07,9.85989,0.0,7,9,4,30
2018-09-08,9.723908,0.0,8,9,5,30
2018-09-09,10.900687,0.0,9,9,6,30
2018-09-10,17.34446,0.9560471436119331,10,9,0,30
2018-09-11,10.67987,0.0,11,9,1,30
2018-09-12,8.976163,0.0,12,9,2,30
2018-09-13,7.093802,0.0,13,9,3,30
2018-09-14,7.331705,0.0,14,9,4,30
2018-09-15,8.643409,0.0,15,9,5,30
2018-09-16,9.232871,0.0,16,9,6,30
2018-09-17,9.528438,0.0,17,9,0,30
2018-09-18,7.553936,0.0,18,9,1,30
2018-09-19,5.739564,0.0,19,9,2,30
2018-09-20,4.9125924,0.0,20,9,3,30
2018-09-21,4.837834,0.0,21,9,4,30
2018-09-22,6.2923512,0.0,22,9,5,30
2018-09-23,6.1725774,0.0,23,9,6,30
2018-09-24,8.439815,0.0,24,9,0,30
2018-09-25,7.2058606,0.0,25,9,1,30
2018-09-26,6.052693,0.0,26,9,2,30
2018-09-27,5.0576477,0.0,27,9,3,30
2018-09-28,5.1028833,0.0,28,9,4,30
2018-09-29,7.7617283,0.0,29,9,5,30
2018-09-30,9.076146,0.0,30,9,6,30
2018-10-01,10.433356,0.0,1,10,0,31
2018-10-02,10.256642,0.0,2,10,1,31
2018-10-03,9.825589,0.0,3,10,2,31
2018-10-04,15.866543,0.9574480190380962,4,10,3,31
2018-10-05,9.409733,0.0,5,10,4,31
2018-10-06,15.975246,0.9978208556819782,6,10,5,31
2018-10-07,11.991942,0.0,7,10,6,31
2018-10-08,12.568181,0.0,8,10,0,31
2018-10-09,10.734518,0.0,9,10,1,31
2018-10-10,10.650711,0.0,10,10,2,31
2018-10-11,9.335115,0.0,11,10,3,31
2018-10-12,9.524328,0.0,12,10,4,31
2018-10-13,10.790679,0.0,13,10,5,31
2018-10-14,11.331061,0.0,14,10,6,31
2018-10-15,10.806146,0.0,15,10,0,31
2018-10-16,9.422319,0.0,16,10,1,31
2018-10-17,9.601283,0.0,17,10,2,31
2018-10-18,6.959085,0.0,18,10,3,31
2018-10-19,6.6087165,0.0,19,10,4,31
2018-10-20,7.3329678,0.0,20,10,5,31
2018-10-21,8.50344,0.0,21,10,6,31
2018-10-22,8.760841,0.0,22,10,0,31
2018-10-23,7.924546,0.0,23,10,1,31
2018-10-24,6.6938224,0.0,24,10,2,31
2018-10-25,6.0390263,0.0,25,10,3,31
2018-10-26,5.966293,0.0,26,10,4,31
2018-10-27,7.1513386,0.0,27,10,5,31
2018-10-28,9.141419,0.0,28,10,6,31
2018-10-29,9.883678,0.0,29,10,0,31
2018-10-30,10.5888815,0.0,30,10,1,31
2018-10-31,7.6493454,0.0,31,10,2,31
2018-11-01,15.5688505,0.9551152072917014,1,11,3,30
2018-11-02,10.317453,0.0,2,11,4,30
2018-11-03,10.041836,0.0,3,11,5,30
2018-11-04,12.49127,0.0,4,11,6,30
2018-11-05,13.291762,0.0,5,11,0,30
2018-11-06,12.383362,0.0,6,11,1,30
2018-11-07,11.520458,0.0,7,11,2,30
2018-11-08,10.340736,0.0,8,11,3,30
2018-11-09,11.689554,0.0,9,11,4,30
2018-11-10,12.133189,0.0,10,11,5,30
2018-11-11,13.328699,0.0,11,11,6,30
2018-11-12,13.312117,0.0,12,11,0,30
2018-11-13,11.464201,0.0,13,11,1,30
2018-11-14,10.104105,0.0,14,11,2,30
2018-11-15,9.181857,0.0,15,11,3,30
2018-11-16,7.9145784,0.0,16,11,4,30
2018-11-17,9.506455,0.0,17,11,5,30
2018-11-18,9.941,0.0,18,11,6,30
2018-11-19,10.132081,0.0,19,11,0,30
2018-11-20,9.868725,0.0,20,11,1,30
2018-11-21,8.300573,0.0,21,11,2,30
2018-11-22,12.671514,0.9789811151748089,22,11,3,30
2018-11-23,7.5620413,0.0,23,11,4,30
2018-11-24,7.55071,0.0,24,11,5,30
2018-11-25,9.842546,0.0,25,11,6,30
2018-11-26,10.64591,0.0,26,11,0,30
2018-11-27,9.944791,0.0,27,11,1,30
2018-11-28,9.359958,0.0,28,11,2,30
2018-11-29,7.955555,0.0,29,11,3,30
2018-11-30,9.463186,0.0,30,11,4,30
2018-12-01,10.851174,0.0,1,12,5,31
2018-12-02,12.341625,0.0,2,12,6,31
2018-12-03,14.050307,0.0,3,12,0,31
2018-12-04,12.920136,0.0,4,12,1,31
2018-12-05,11.550982,0.0,5,12,2,31
2018-12-06,10.641657,0.0,6,12,3,31
2018-12-07,11.828619,0.0,7,12,4,31
2018-12-08,11.927773,0.0,8,12,5,31
2018-12-09,14.657325,0.0,9,12,6,31
2018-12-10,13.167381,0.0,10,12,0,31
2018-12-11,14.281945,0.0,11,12,1,31
2018-12-12,11.995594,0.0,12,12,2,31
2018-12-13,10.496101,0.0,13,12,3,31
2018-12-14,9.904304,0.0,14,12,4,31
2018-12-15,11.001792,0.0,15,12,5,31
2018-12-16,11.651924,0.0,16,12,6,31
2018-12-17,12.394938,0.0,17,12,0,31
2018-12-18,10.967925,0.0,18,12,1,31
2018-12-19,9.388968,0.0,19,12,2,31
2018-12-20,7.839692,0.0,20,12,3,31
2018-12-21,7.783123,0.0,21,12,4,31
2018-12-22,8.846775,0.0,22,12,5,31
2018-12-23,9.049675,0.0,23,12,6,31
2018-12-24,9.820071,0.0,24,12,0,31
2018-12-25,10.406603,0.0,25,12,1,31
2018-12-26,9.033739,0.0,26,12,2,31
2018-12-27,8.090478,0.0,27,12,3,31
2018-12-28,8.502865,0.0,28,12,4,31
2018-12-29,10.043059,0.0,29,12,5,31
2018-12-30,11.25864,0.0,30,12,6,31
2018-12-31,12.110847,0.0,31,12,0,31
2019-01-01,12.421919,0.0,1,1,1,31
2019-01-02,10.9560175,0.0,2,1,2,31
2019-01-03,10.989589,0.0,3,1,3,31
2019-01-04,10.245322,0.0,4,1,4,31
2019-01-05,12.880665,0.0,5,1,5,31
2019-01-06,14.053713,0.0,6,1,6,31
2019-01-07,14.615717,0.0,7,1,0,31
2019-01-08,14.438866,0.0,8,1,1,31
2019-01-09,13.454046,0.0,9,1,2,31
2019-01-10,17.758827,0.9640784164901082,10,1,3,31
2019-01-11,10.336754,0.0,11,1,4,31
2019-01-12,11.36034,0.0,12,1,5,31
2019-01-13,12.628663,0.0,13,1,6,31
2019-01-14,13.151071,0.0,14,1,0,31
2019-01-15,12.439761,0.0,15,1,1,31
2019-01-16,10.148429,0.0,16,1,2,31
2019-01-17,9.194676,0.0,17,1,3,31
2019-01-18,8.355775,0.0,18,1,4,31
2019-01-19,9.117285,0.0,19,1,5,31
2019-01-20,9.713966,0.0,20,1,6,31
2019-01-21,16.106712,0.9660475051286772,21,1,0,31
2019-01-22,9.394928,0.0,22,1,1,31
2019-01-23,13.961208,0.950772707731338,23,1,2,31
2019-01-24,8.278183,0.0,24,1,3,31
2019-01-25,7.38212,0.0,25,1,4,31
2019-01-26,10.37292,0.0,26,1,5,31
2019-01-27,10.824126,0.0,27,1,6,31
2019-01-28,11.545714,0.0,28,1,0,31
2019-01-29,10.817188,0.0,29,1,1,31
2019-01-30,10.7176285,0.0,30,1,2,31
2019-01-31,15.209383,0.9567998154842862,31,1,3,31
2019-02-01,9.717412,0.0,1,2,4,28
2019-02-02,12.380844,0.0,2,2,5,28
2019-02-03,12.704994,0.0,3,2,6,28
2019-02-04,14.2130995,0.0,4,2,0,28
2019-02-05,12.964371,0.0,5,2,1,28
2019-02-06,12.181351,0.0,6,2,2,28
2019-02-07,12.120697,0.0,7,2,3,28
2019-02-08,10.875646,0.0,8,2,4,28
2019-02-09,12.96908,0.0,9,2,5,28
2019-02-10,13.451443,0.0,10,2,6,28
2019-02-11,13.068381,0.0,11,2,0,28
2019-02-12,12.725804,0.0,12,2,1,28
2019-02-13,11.208095,0.0,13,2,2,28
2019-02-14,9.573965,0.0,14,2,3,28
2019-02-15,8.036858,0.0,15,2,4,28
2019-02-16,9.057297,0.0,16,2,5,28
2019-02-17,10.190856,0.0,17,2,6,28
2019-02-18,10.529423,0.0,18,2,0,28
2019-02-19,10.077874,0.0,19,2,1,28
2019-02-20,8.44339,0.0,20,2,2,28
2019-02-21,6.6229835,0.0,21,2,3,28
2019-02-22,7.5348277,0.0,22,2,4,28
2019-02-23,8.819537,0.0,23,2,5,28
2019-02-24,10.305352,0.0,24,2,6,28
2019-02-25,11.451215,0.0,25,2,0,28
2019-02-26,11.146148,0.0,26,2,1,28
2019-02-27,10.116399,0.0,27,2,2,28
2019-02-28,9.283005,0.0,28,2,3,28
2019-03-01,7.961097,0.0,1,3,4,31
2019-03-02,10.414075,0.0,2,3,5,31
2019-03-03,11.92985,0.0,3,3,6,31
2019-03-04,12.837505,0.0,4,3,0,31
2019-03-05,11.750172,0.0,5,3,1,31
2019-03-06,10.7611065,0.0,6,3,2,31
2019-03-07,10.915857,0.0,7,3,3,31
2019-03-08,10.393882,0.0,8,3,4,31
2019-03-09,11.714683,0.0,9,3,5,31
2019-03-10,12.520438,0.0,10,3,6,31
2019-03-11,12.875737,0.0,11,3,0,31
2019-03-12,12.490299,0.0,12,3,1,31
2019-03-13,10.165844,0.0,13,3,2,31
2019-03-14,9.086241,0.0,14,3,3,31
2019-03-15,8.414513,0.0,15,3,4,31
2019-03-16,9.045258,0.0,16,3,5,31
2019-03-17,9.9844,0.0,17,3,6,31
2019-03-18,10.446791,0.0,18,3,0,31
2019-03-19,9.20329,0.0,19,3,1,31
2019-03-20,14.30756,0.9634992408875883,20,3,2,31
2019-03-21,6.223494,0.0,21,3,3,31
2019-03-22,6.4406543,0.0,22,3,4,31
2019-03-23,7.274452,0.0,23,3,5,31
2019-03-24,9.51115,0.0,24,3,6,31
2019-03-25,9.555964,0.0,25,3,0,31
2019-03-26,9.590885,0.0,26,3,1,31
2019-03-27,13.170774,0.9760138232792136,27,3,2,31
2019-03-28,7.484193,0.0,28,3,3,31
2019-03-29,8.153124,0.0,29,3,4,31
2019-03-30,9.157049,0.0,30,3,5,31
2019-03-31,11.32407,0.0,31,3,6,31
2019-04-01,10.450093,0.0,1,4,0,30
2019-04-02,11.250099,0.0,2,4,1,30
2019-04-03,10.791756,0.0,3,4,2,30
2019-04-04,8.757732,0.0,4,4,3,30
2019-04-05,8.965955,0.0,5,4,4,30
2019-04-06,11.106924,0.0,6,4,5,30
2019-04-07,12.529753,0.0,7,4,6,30
2019-04-08,12.047087,0.0,8,4,0,30
2019-04-09,11.450509,0.0,9,4,1,30
2019-04-10,10.084411,0.0,10,4,2,30
2019-04-11,8.29342,0.0,11,4,3,30
2019-04-12,14.044539,0.9741944438163571,12,4,4,30
2019-04-13,8.815973,0.0,13,4,5,30
2019-04-14,9.809278,0.0,14,4,6,30
2019-04-15,10.328539,0.0,15,4,0,30
2019-04-16,9.486161,0.0,16,4,1,30
2019-04-17,8.481396,0.0,17,4,2,30
2019-04-18,5.8309536,0.0,18,4,3,30
2019-04-19,6.5153246,0.0,19,4,4,30
2019-04-20,6.6918283,0.0,20,4,5,30
2019-04-21,7.8767905,0.0,21,4,6,30
2019-04-22,8.72051,0.0,22,4,0,30
2019-04-23,7.260713,0.0,23,4,1,30
2019-04-24,6.8349304,0.0,24,4,2,30
2019-04-25,5.8830757,0.0,25,4,3,30
2019-04-26,6.2955675,0.0,26,4,4,30
2019-04-27,7.526045,0.0,27,4,5,30
2019-04-28,15.990688,0.9577898009882039,28,4,6,30
2019-04-29,9.663567,0.0,29,4,0,30
2019-04-30,9.571715,0.0,30,4,1,30
2019-05-01,13.695845,0.9913279015642206,1,5,2,31
2019-05-02,7.153865,0.0,2,5,3,31
2019-05-03,13.247055,0.9627683502532061,3,5,4,31
2019-05-04,9.712075,0.0,4,5,5,31
2019-05-05,11.348243,0.0,5,5,6,31
2019-05-06,11.0993,0.0,6,5,0,31
2019-05-07,10.508862,0.0,7,5,1,31
2019-05-08,9.915923,0.0,8,5,2,31
2019-05-09,8.328846,0.0,9,5,3,31
2019-05-10,8.784569,0.0,10,5,4,31
2019-05-11,9.376866,0.0,11,5,5,31
2019-05-12,9.511427,0.0,12,5,6,31
2019-05-13,11.279357,0.0,13,5,0,31
2019-05-14,10.470579,0.0,14,5,1,31
2019-05-15,7.6045165,0.0,15,5,2,31
2019-05-16,6.298388,0.0,16,5,3,31
2019-05-17,6.242452,0.0,17,5,4,31
2019-05-18,6.916209,0.0,18,5,5,31
2019-05-19,8.018793,0.0,19,5,6,31
2019-05-20,8.984243,0.0,20,5,0,31
2019-05-21,7.115504,0.0,21,5,1,31
2019-05-22,5.398924,0.0,22,5,2,31
2019-05-23,4.0331154,0.0,23,5,3,31
2019-05-24,4.3814573,0.0,24,5,4,31
2019-05-25,5.853111,0.0,25,5,5,31
2019-05-26,8.217831,0.0,26,5,6,31
2019-05-27,7.8778563,0.0,27,5,0,31
2019-05-28,7.994479,0.0,28,5,1,31
2019-05-29,6.962819,0.0,29,5,2,31
2019-05-30,12.684909,0.9579341210567704,30,5,3,31
2019-05-31,8.012802,0.0,31,5,4,31
2019-06-01,7.4030757,0.0,1,6,5,30
2019-06-02,9.094082,0.0,2,6,6,30
2019-06-03,10.791368,0.0,3,6,0,30
2019-06-04,10.359807,0.0,4,6,1,30
2019-06-05,9.922578,0.0,5,6,2,30
2019-06-06,8.447193,0.0,6,6,3,30
2019-06-07,8.066126,0.0,7,6,4,30
2019-06-08,9.562381,0.0,8,6,5,30
2019-06-09,11.007097,0.0,9,6,6,30
2019-06-10,11.261293,0.0,10,6,0,30
2019-06-11,10.297765,0.0,11,6,1,30
2019-06-12,9.001328,0.0,12,6,2,30
2019-06-13,7.676465,0.0,13,6,3,30
2019-06-14,7.38884,0.0,14,6,4,30
2019-06-15,7.627555,0.0,15,6,5,30
2019-06-16,13.963576,0.9811925291641158,16,6,6,30
2019-06-17,8.404037,0.0,17,6,0,30
2019-06-18,8.010655,0.0,18,6,1,30
2019-06-19,5.4227777,0.0,19,6,2,30
2019-06-20,10.519488,0.9606269755131998,20,6,3,30
2019-06-21,4.208233,0.0,21,6,4,30
2019-06-22,11.062166,0.9514298103618323,22,6,5,30
2019-06-23,13.219942,0.994819293965951,23,6,6,30
2019-06-24,7.3626127,0.0,24,6,0,30
2019-06-25,12.786005,0.9811437317918219,25,6,1,30
2019-06-26,5.1763024,0.0,26,6,2,30
2019-06-27,5.5259633,0.0,27,6,3,30
2019-06-28,5.8412323,0.0,28,6,4,30
2019-06-29,8.018992,0.0,29,6,5,30
2019-06-30,8.471867,0.0,30,6,6,30
2019-07-01,9.724191,0.0,1,7,0,31
2019-07-02,15.45127,0.9811778367622945,2,7,1,31
2019-07-03,9.316589,0.0,3,7,2,31
2019-07-04,7.773133,0.0,4,7,3,31
2019-07-05,8.211532,0.0,5,7,4,31
2019-07-06,9.575393,0.0,6,7,5,31
2019-07-07,16.499544,0.9601356044054472,7,7,6,31
2019-07-08,11.011001,0.0,8,7,0,31
2019-07-09,16.572594,0.9773079079915037,9,7,1,31
2019-07-10,9.742481,0.0,10,7,2,31
2019-07-11,7.4642005,0.0,11,7,3,31
2019-07-12,7.7686567,0.0,12,7,4,31
2019-07-13,8.04116,0.0,13,7,5,31
2019-07-14,9.889397,0.0,14,7,6,31
2019-07-15,8.702168,0.0,15,7,0,31
2019-07-16,8.218372,0.0,16,7,1,31
2019-07-17,7.0245404,0.0,17,7,2,31
2019-07-18,6.2326517,0.0,18,7,3,31
2019-07-19,5.088376,0.0,19,7,4,31
2019-07-20,5.5860167,0.0,20,7,5,31
2019-07-21,7.862651,0.0,21,7,6,31
2019-07-22,6.62578,0.0,22,7,0,31
2019-07-23,5.6278324,0.0,23,7,1,31
2019-07-24,5.702213,0.0,24,7,2,31
2019-07-25,4.318426,0.0,25,7,3,31
2019-07-26,4.2405376,0.0,26,7,4,31
2019-07-27,6.3741894,0.0,27,7,5,31
2019-07-28,7.7214565,0.0,28,7,6,31
2019-07-29,8.239584,0.0,29,7,0,31
2019-07-30,7.706296,0.0,30,7,1,31
2019-07-31,7.91973,0.0,31,7,2,31
2019-08-01,7.746035,0.0,1,8,3,31
2019-08-02,7.760929,0.0,2,8,4,31
2019-08-03,10.108797,0.0,3,8,5,31
2019-08-04,10.229964,0.0,4,8,6,31
2019-08-05,10.818172,0.0,5,8,0,31
2019-08-06,10.85189,0.0,6,8,1,31
2019-08-07,10.0109215,0.0,7,8,2,31
2019-08-08,9.161662,0.0,8,8,3,31
2019-08-09,14.821076,0.993255015422964,9,8,4,31
2019-08-10,10.038767,0.0,10,8,5,31
2019-08-11,10.295373,0.0,11,8,6,31
2019-08-12,11.932427,0.0,12,8,0,31
2019-08-13,10.276004,0.0,13,8,1,31
2019-08-14,9.238272,0.0,14,8,2,31
2019-08-15,7.4403615,0.0,15,8,3,31
2019-08-16,12.801707,0.9509285945025484,16,8,4,31
2019-08-17,7.777356,0.0,17,8,5,31
2019-08-18,8.616894,0.0,18,8,6,31
2019-08-19,8.950452,0.0,19,8,0,31
2019-08-20,8.453519,0.0,20,8,1,31
2019-08-21,6.407552,0.0,21,8,2,31
2019-08-22,5.508995,0.0,22,8,3,31
2019-08-23,5.0517635,0.0,23,8,4,31
2019-08-24,6.858273,0.0,24,8,5,31
2019-08-25,7.173879,0.0,25,8,6,31
2019-08-26,9.1589365,0.0,26,8,0,31
2019-08-27,7.924732,0.0,27,8,1,31
2019-08-28,6.270862,0.0,28,8,2,31
2019-08-29,6.3898573,0.0,29,8,3,31
2019-08-30,6.3747945,0.0,30,8,4,31
2019-08-31,8.559309,0.0,31,8,5,31
2019-09-01,10.433924,0.0,1,9,6,30
2019-09-02,11.502953,0.0,2,9,0,30
2019-09-03,10.581997,0.0,3,9,1,30
2019-09-04,16.048462,0.9504591705752957,4,9,2,30
2019-09-05,8.591395,0.0,5,9,3,30
2019-09-06,9.184831,0.0,6,9,4,30
2019-09-07,11.464973,0.0,7,9,5,30
2019-09-08,12.750062,0.0,8,9,6,30
2019-09-09,13.051103,0.0,9,9,0,30
2019-09-10,11.623434,0.0,10,9,1,30
2019-09-11,10.571662,0.0,11,9,2,30
2019-09-12,9.268696,0.0,12,9,3,30
2019-09-13,8.332585,0.0,13,9,4,30
2019-09-14,10.286855,0.0,14,9,5,30
2019-09-15,10.830394,0.0,15,9,6,30
2019-09-16,10.433534,0.0,16,9,0,30
2019-09-17,9.598402,0.0,17,9,1,30
2019-09-18,8.061395,0.0,18,9,2,30
2019-09-19,5.611299,0.0,19,9,3,30
2019-09-20,6.266169,0.0,20,9,4,30
2019-09-21,6.8997254,0.0,21,9,5,30
2019-09-22,7.9253407,0.0,22,9,6,30
2019-09-23,8.853711,0.0,23,9,0,30
2019-09-24,9.418613,0.0,24,9,1,30
2019-09-25,7.7445793,0.0,25,9,2,30
2019-09-26,6.3699965,0.0,26,9,3,30
2019-09-27,7.2559333,0.0,27,9,4,30
2019-09-28,9.0524235,0.0,28,9,5,30
2019-09-29,10.485061,0.0,29,9,6,30
2019-09-30,11.036477,0.0,30,9,0,30
2019-10-01,11.591341,0.0,1,10,1,31
2019-10-02,11.384345,0.0,2,10,2,31
2019-10-03,10.571452,0.0,3,10,3,31
2019-10-04,11.132676,0.0,4,10,4,31
2019-10-05,12.271359,0.0,5,10,5,31
2019-10-06,13.929098,0.0,6,10,6,31
2019-10-07,13.806217,0.0,7,10,0,31
2019-10-08,14.191575,0.0,8,10,1,31
2019-10-09,12.304693,0.0,9,10,2,31
2019-10-10,12.088614,0.0,10,10,3,31
2019-10-11,10.495639,0.0,11,10,4,31
2019-10-12,12.450383,0.0,12,10,5,31
2019-10-13,12.621533,0.0,13,10,6,31
2019-10-14,12.393056,0.0,14,10,0,31
2019-10-15,11.518964,0.0,15,10,1,31
2019-10-16,9.930339,0.0,16,10,2,31
2019-10-17,8.891828,0.0,17,10,3,31
2019-10-18,14.411044,0.9730781629723328,18,10,4,31
2019-10-19,8.713126,0.0,19,10,5,31
2019-10-20,9.981296,0.0,20,10,6,31
2019-10-21,11.4186,0.0,21,10,0,31
2019-10-22,10.509208,0.0,22,10,1,31
2019-10-23,8.536583,0.0,23,10,2,31
2019-10-24,7.3435254,0.0,24,10,3,31
2019-10-25,13.29032,0.9668454997992854,25,10,4,31
2019-10-26,8.935152,0.0,26,10,5,31
2019-10-27,9.636987,0.0,27,10,6,31
2019-10-28,10.894779,0.0,28,10,0,31
2019-10-29,9.981502,0.0,29,10,1,31
2019-10-30,10.135769,0.0,30,10,2,31
2019-10-31,9.6479435,0.0,31,10,3,31
2019-11-01,10.416901,0.0,1,11,4,30
2019-11-02,12.864067,0.0,2,11,5,30
2019-11-03,13.098561,0.0,3,11,6,30
2019-11-04,13.857996,0.0,4,11,0,30
2019-11-05,14.386658,0.0,5,11,1,30
2019-11-06,13.702277,0.0,6,11,2,30
2019-11-07,13.093199,0.0,7,11,3,30
2019-11-08,17.93419,0.9848584027624758,8,11,4,30
2019-11-09,13.727807,0.0,9,11,5,30
2019-11-10,14.271409,0.0,10,11,6,30
2019-11-11,14.526593,0.0,11,11,0,30
2019-11-12,14.18249,0.0,12,11,1,30
2019-11-13,12.438945,0.0,13,11,2,30
2019-11-14,9.912499,0.0,14,11,3,30
2019-11-15,11.026374,0.0,15,11,4,30
2019-11-16,11.583227,0.0,16,11,5,30
2019-11-17,11.454994,0.0,17,11,6,30
2019-11-18,12.171572,0.0,18,11,0,30
2019-11-19,17.061754,0.9522217856975946,19,11,1,30
2019-11-20,9.72019,0.0,20,11,2,30
2019-11-21,8.130186,0.0,21,11,3,30
2019-11-22,7.985813,0.0,22,11,4,30
2019-11-23,9.329736,0.0,23,11,5,30
2019-11-24,11.288037,0.0,24,11,6,30
2019-11-25,11.711512,0.0,25,11,0,30
2019-11-26,10.938609,0.0,26,11,1,30
2019-11-27,10.554676,0.0,27,11,2,30
2019-11-28,8.092187,0.0,28,11,3,30
2019-11-29,10.4916935,0.0,29,11,4,30
2019-11-30,10.484151,0.0,30,11,5,30
2019-12-01,13.365549,0.0,1,12,6,31
2019-12-02,13.941011,0.0,2,12,0,31
2019-12-03,13.645761,0.0,3,12,1,31
2019-12-04,13.914741,0.0,4,12,2,31
2019-12-05,12.333699,0.0,5,12,3,31
2019-12-06,12.922207,0.0,6,12,4,31
2019-12-07,13.847786,0.0,7,12,5,31
2019-12-08,15.402465,0.0,8,12,6,31
2019-12-09,15.709025,0.0,9,12,0,31
2019-12-10,14.326989,0.0,10,12,1,31
2019-12-11,13.986724,0.0,11,12,2,31
2019-12-12,11.948411,0.0,12,12,3,31
2019-12-13,11.088033,0.0,13,12,4,31
2019-12-14,18.172386,0.9785254683891406,14,12,5,31
2019-12-15,14.14147,0.0,15,12,6,31
2019-12-16,13.979463,0.0,16,12,0,31
2019-12-17,12.422038,0.0,17,12,1,31
2019-12-18,10.784007,0.0,18,12,2,31
2019-12-19,9.451169,0.0,19,12,3,31
2019-12-20,10.374716,0.0,20,12,4,31
2019-12-21,10.334084,0.0,21,12,5,31
2019-12-22,11.489766,0.0,22,12,6,31
2019-12-23,12.296529,0.0,23,12,0,31
2019-12-24,11.359667,0.0,24,12,1,31
2019-12-25,9.94632,0.0,25,12,2,31
2019-12-26,9.141359,0.0,26,12,3,31
2019-12-27,9.454585,0.0,27,12,4,31
2019-12-28,10.799642,0.0,28,12,5,31
2019-12-29,12.808053,0.0,29,12,6,31
2019-12-30,19.245777,0.970257109726057,30,12,0,31
2019-12-31,13.605553,0.0,31,12,1,31
2020-01-01,12.317645,0.0,1,1,2,31
2020-01-02,11.7689,0.0,2,1,3,31
2020-01-03,11.087441,0.0,3,1,4,31
2020-01-04,13.87256,0.0,4,1,5,31
2020-01-05,20.909702,0.9670352752561462,5,1,6,31
2020-01-06,16.179361,0.0,6,1,0,31
2020-01-07,13.772023,0.0,7,1,1,31
2020-01-08,15.018944,0.0,8,1,2,31
2020-01-09,12.829134,0.0,9,1,3,31
2020-01-10,13.315597,0.0,10,1,4,31
2020-01-11,13.048286,0.0,11,1,5,31
2020-01-12,14.867953,0.0,12,1,6,31
2020-01-13,14.270598,0.0,13,1,0,31
2020-01-14,13.551893,0.0,14,1,1,31
2020-01-15,13.1585,0.0,15,1,2,31
2020-01-16,10.686908,0.0,16,1,3,31
2020-01-17,10.4976845,0.0,17,1,4,31
2020-01-18,11.472902,0.0,18,1,5,31
2020-01-19,12.225689,0.0,19,1,6,31
2020-01-20,12.342119,0.0,20,1,0,31
2020-01-21,11.673668,0.0,21,1,1,31
2020-01-22,11.286433,0.0,22,1,2,31
2020-01-23,8.9800625,0.0,23,1,3,31
2020-01-24,9.133014,0.0,24,1,4,31
2020-01-25,10.679989,0.0,25,1,5,31
2020-01-26,12.157748,0.0,26,1,6,31
2020-01-27,13.014058,0.0,27,1,0,31
2020-01-28,12.48528,0.0,28,1,1,31
2020-01-29,10.682307,0.0,29,1,2,31
2020-01-30,11.442053,0.0,30,1,3,31
2020-01-31,10.457844,0.0,31,1,4,31
2020-02-01,12.08399,0.0,1,2,5,29
2020-02-02,13.237467,0.0,2,2,6,29
2020-02-03,14.520947,0.0,3,2,0,29
2020-02-04,14.469684,0.0,4,2,1,29
2020-02-05,13.442739,0.0,5,2,2,29
2020-02-06,12.638495,0.0,6,2,3,29
2020-02-07,13.307427,0.0,7,2,4,29
2020-02-08,13.724666,0.0,8,2,5,29
2020-02-09,14.532203,0.0,9,2,6,29
2020-02-10,15.501578,0.0,10,2,0,29
2020-02-11,14.772589,0.0,11,2,1,29
2020-02-12,11.953803,0.0,12,2,2,29
2020-02-13,11.459189,0.0,13,2,3,29
2020-02-14,11.091767,0.0,14,2,4,29
2020-02-15,11.180651,0.0,15,2,5,29
2020-02-16,12.866991,0.0,16,2,6,29
2020-02-17,12.279422,0.0,17,2,0,29
2020-02-18,11.511231,0.0,18,2,1,29
2020-02-19,9.815961,0.0,19,2,2,29
2020-02-20,8.693085,0.0,20,2,3,29
2020-02-21,8.024503,0.0,21,2,4,29
2020-02-22,8.849916,0.0,22,2,5,29
2020-02-23,11.709218,0.0,23,2,6,29
2020-02-24,11.216366,0.0,24,2,0,29
2020-02-25,10.825123,0.0,25,2,1,29
2020-02-26,15.174332,0.9803687409421851,26,2,2,29
2020-02-27,9.405266,0.0,27,2,3,29
2020-02-28,9.476071,0.0,28,2,4,29
2020-02-29,12.409267,0.0,29,2,5,29
2020-03-01,18.658857,0.9706765454097441,1,3,6,31
2020-03-02,12.939721,0.0,2,3,0,31
2020-03-03,14.202099,0.0,3,3,1,31
2020-03-04,12.6078205,0.0,4,3,2,31
2020-03-05,11.187575,0.0,5,3,3,31
2020-03-06,10.281524,0.0,6,3,4,31
2020-03-07,13.7988205,0.0,7,3,5,31
2020-03-08,13.251092,0.0,8,3,6,31
2020-03-09,13.629681,0.0,9,3,0,31
2020-03-10,14.261368,0.0,10,3,1,31
2020-03-11,13.489897,0.0,11,3,2,31
2020-03-12,11.668689,0.0,12,3,3,31
2020-03-13,10.929374,0.0,13,3,4,31
2020-03-14,11.593596,0.0,14,3,5,31
2020-03-15,18.409782,0.9685373316998922,15,3,6,31
2020-03-16,12.71441,0.0,16,3,0,31
2020-03-17,11.517387,0.0,17,3,1,31
2020-03-18,9.790998,0.0,18,3,2,31
2020-03-19,14.069325,0.951423220845566,19,3,3,31
2020-03-20,7.73929,0.0,20,3,4,31
2020-03-21,8.782543,0.0,21,3,5,31
2020-03-22,9.207867,0.0,22,3,6,31
2020-03-23,10.511652,0.0,23,3,0,31
2020-03-24,9.525247,0.0,24,3,1,31
2020-03-25,8.303152,0.0,25,3,2,31
2020-03-26,8.108423,0.0,26,3,3,31
2020-03-27,14.755257,0.9650153694544719,27,3,4,31
2020-03-28,10.0560255,0.0,28,3,5,31
2020-03-29,10.437438,0.0,29,3,6,31
2020-03-30,11.681734,0.0,30,3,0,31
2020-03-31,12.487742,0.0,31,3,1,31
2020-04-01,9.60891,0.0,1,4,2,30
2020-04-02,9.370789,0.0,2,4,3,30
2020-04-03,10.123201,0.0,3,4,4,30
2020-04-04,10.695365,0.0,4,4,5,30
2020-04-05,12.749971,0.0,5,4,6,30
2020-04-06,12.768065,0.0,6,4,0,30
2020-04-07,12.659526,0.0,7,4,1,30
2020-04-08,11.854049,0.0,8,4,2,30
2020-04-09,9.7960205,0.0,9,4,3,30
2020-04-10,10.645654,0.0,10,4,4,30
2020-04-11,11.190467,0.0,11,4,5,30
2020-04-12,12.437786,0.0,12,4,6,30
2020-04-13,12.479122,0.0,13,4,0,30
2020-04-14,12.089774,0.0,14,4,1,30
2020-04-15,9.788429,0.0,15,4,2,30
2020-04-16,8.08057,0.0,16,4,3,30
2020-04-17,7.961721,0.0,17,4,4,30
2020-04-18,8.830744,0.0,18,4,5,30
2020-04-19,9.544767,0.0,19,4,6,30
2020-04-20,15.608068,0.9575810150838173,20,4,0,30
2020-04-21,8.759406,0.0,21,4,1,30
2020-04-22,7.4259453,0.0,22,4,2,30
2020-04-23,6.041361,0.0,23,4,3,30
2020-04-24,7.7073207,0.0,24,4,4,30
2020-04-25,13.263313,0.9770069544389435,25,4,5,30
2020-04-26,9.194462,0.0,26,4,6,30
2020-04-27,10.060129,0.0,27,4,0,30
2020-04-28,10.667058,0.0,28,4,1,30
2020-04-29,9.203685,0.0,29,4,2,30
2020-04-30,9.37611,0.0,30,4,3,30
2020-05-01,7.9059544,0.0,1,5,4,31
2020-05-02,9.788908,0.0,2,5,5,31
2020-05-03,10.857502,0.0,3,5,6,31
2020-05-04,13.2224865,0.0,4,5,0,31
2020-05-05,11.24197,0.0,5,5,1,31
2020-05-06,10.902799,0.0,6,5,2,31
2020-05-07,10.151454,0.0,7,5,3,31
2020-05-08,10.064877,0.0,8,5,4,31
2020-05-09,10.724641,0.0,9,5,5,31
2020-05-10,11.883758,0.0,10,5,6,31
2020-05-11,12.324192,0.0,11,5,0,31
2020-05-12,11.388123,0.0,12,5,1,31
2020-05-13,10.345314,0.0,13,5,2,31
2020-05-14,9.581992,0.0,14,5,3,31
2020-05-15,7.804499,0.0,15,5,4,31
2020-05-16,8.014245,0.0,16,5,5,31
2020-05-17,9.530534,0.0,17,5,6,31
2020-05-18,11.060316,0.0,18,5,0,31
2020-05-19,8.474616,0.0,19,5,1,31
2020-05-20,8.151086,0.0,20,5,2,31
2020-05-21,6.9415436,0.0,21,5,3,31
2020-05-22,5.688247,0.0,22,5,4,31
2020-05-23,7.208818,0.0,23,5,5,31
2020-05-24,9.030928,0.0,24,5,6,31
2020-05-25,8.696252,0.0,25,5,0,31
2020-05-26,8.400363,0.0,26,5,1,31
2020-05-27,12.90183,0.9514907101767872,27,5,2,31
2020-05-28,6.268609,0.0,28,5,3,31
2020-05-29,6.808056,0.0,29,5,4,31
2020-05-30,7.927392,0.0,30,5,5,31
2020-05-31,10.230897,0.0,31,5,6,31
2020-06-01,10.294386,0.0,1,6,0,30
2020-06-02,10.632026,0.0,2,6,1,30
2020-06-03,8.833141,0.0,3,6,2,30
2020-06-04,9.07245,0.0,4,6,3,30
2020-06-05,9.572408,0.0,5,6,4,30
2020-06-06,9.34938,0.0,6,6,5,30
2020-06-07,11.892091,0.0,7,6,6,30
2020-06-08,12.88653,0.0,8,6,0,30
2020-06-09,11.019045,0.0,9,6,1,30
2020-06-10,11.023937,0.0,10,6,2,30
2020-06-11,9.13659,0.0,11,6,3,30
2020-06-12,8.266717,0.0,12,6,4,30
2020-06-13,9.249772,0.0,13,6,5,30
2020-06-14,10.431045,0.0,14,6,6,30
2020-06-15,10.341682,0.0,15,6,0,30
2020-06-16,9.595324,0.0,16,6,1,30
2020-06-17,7.201797,0.0,17,6,2,30
2020-06-18,6.369897,0.0,18,6,3,30
2020-06-19,5.2704906,0.0,19,6,4,30
2020-06-20,6.6964946,0.0,20,6,5,30
2020-06-21,7.4019556,0.0,21,6,6,30
2020-06-22,7.966825,0.0,22,6,0,30
2020-06-23,8.390716,0.0,23,6,1,30
2020-06-24,7.139082,0.0,24,6,2,30
2020-06-25,6.053228,0.0,25,6,3,30
2020-06-26,5.4511037,0.0,26,6,4,30
2020-06-27,7.1702857,0.0,27,6,5,30
2020-06-28,9.568989,0.0,28,6,6,30
2020-06-29,9.998549,0.0,29,6,0,30
2020-06-30,10.941248,0.0,30,6,1,30
2020-07-01,9.132605,0.0,1,7,2,31
2020-07-02,8.403245,0.0,2,7,3,31
2020-07-03,8.509316,0.0,3,7,4,31
2020-07-04,10.058194,0.0,4,7,5,31
2020-07-05,11.434734,0.0,5,7,6,31
2020-07-06,12.61083,0.0,6,7,0,31
2020-07-07,12.274618,0.0,7,7,1,31
2020-07-08,10.157575,0.0,8,7,2,31
2020-07-09,8.808824,0.0,9,7,3,31
2020-07-10,8.418612,0.0,10,7,4,31
2020-07-11,10.397142,0.0,11,7,5,31
2020-07-12,10.584489,0.0,12,7,6,31
2020-07-13,10.295167,0.0,13,7,0,31
2020-07-14,10.6320715,0.0,14,7,1,31
2020-07-15,10.021688,0.0,15,7,2,31
2020-07-16,7.352619,0.0,16,7,3,31
2020-07-17,7.3813195,0.0,17,7,4,31
2020-07-18,7.651591,0.0,18,7,5,31
2020-07-19,8.500913,0.0,19,7,6,31
2020-07-20,9.298659,0.0,20,7,0,31
2020-07-21,7.9179645,0.0,21,7,1,31
2020-07-22,6.7900386,0.0,22,7,2,31
2020-07-23,5.7410417,0.0,23,7,3,31
2020-07-24,5.269443,0.0,24,7,4,31
2020-07-25,7.221411,0.0,25,7,5,31
2020-07-26,8.087938,0.0,26,7,6,31
2020-07-27,8.612809,0.0,27,7,0,31
2020-07-28,9.004013,0.0,28,7,1,31
2020-07-29,7.374125,0.0,29,7,2,31
2020-07-30,12.925573,0.952815017002506,30,7,3,31
2020-07-31,7.5954194,0.0,31,7,4,31
2020-08-01,10.115022,0.0,1,8,5,31
2020-08-02,11.4673395,0.0,2,8,6,31
2020-08-03,12.138852,0.0,3,8,0,31
2020-08-04,12.305316,0.0,4,8,1,31
2020-08-05,11.573006,0.0,5,8,2,31
2020-08-06,10.320131,0.0,6,8,3,31
2020-08-07,10.150614,0.0,7,8,4,31
2020-08-08,10.530466,0.0,8,8,5,31
2020-08-09,11.864341,0.0,9,8,6,31
2020-08-10,12.671281,0.0,10,8,0,31
2020-08-11,11.743088,0.0,11,8,1,31
2020-08-12,10.4093075,0.0,12,8,2,31
2020-08-13,9.184076,0.0,13,8,3,31
2020-08-14,9.051489,0.0,14,8,4,31
2020-08-15,9.375443,0.0,15,8,5,31
2020-08-16,10.521053,0.0,16,8,6,31
2020-08-17,10.48118,0.0,17,8,0,31
2020-08-18,8.527331,0.0,18,8,1,31
2020-08-19,7.447002,0.0,19,8,2,31
2020-08-20,6.5509086,0.0,20,8,3,31
2020-08-21,5.806807,0.0,21,8,4,31
2020-08-22,7.5915036,0.0,22,8,5,31
2020-08-23,9.267409,0.0,23,8,6,31
2020-08-24,9.699431,0.0,24,8,0,31
2020-08-25,8.522751,0.0,25,8,1,31
2020-08-26,8.286787,0.0,26,8,2,31
2020-08-27,6.8485403,0.0,27,8,3,31
2020-08-28,6.915463,0.0,28,8,4,31
2020-08-29,8.151549,0.0,29,8,5,31
2020-08-30,9.964894,0.0,30,8,6,31
2020-08-31,10.892149,0.0,31,8,0,31
2020-09-01,11.958261,0.0,1,9,1,30
2020-09-02,11.084717,0.0,2,9,2,30
2020-09-03,10.35312,0.0,3,9,3,30
2020-09-04,10.883525,0.0,4,9,4,30
2020-09-05,12.526551,0.0,5,9,5,30
2020-09-06,13.847821,0.0,6,9,6,30
2020-09-07,13.2850275,0.0,7,9,0,30
2020-09-08,12.188486,0.0,8,9,1,30
2020-09-09,12.579393,0.0,9,9,2,30
2020-09-10,10.243793,0.0,10,9,3,30
2020-09-11,10.571818,0.0,11,9,4,30
2020-09-12,10.808827,0.0,12,9,5,30
2020-09-13,17.161716,0.9598628027134553,13,9,6,30
2020-09-14,12.744104,0.0,14,9,0,30
2020-09-15,11.875088,0.0,15,9,1,30
2020-09-16,9.52514,0.0,16,9,2,30
2020-09-17,7.1052747,0.0,17,9,3,30
2020-09-18,7.7682977,0.0,18,9,4,30
2020-09-19,8.946995,0.0,19,9,5,30
2020-09-20,9.037611,0.0,20,9,6,30
2020-09-21,10.266168,0.0,21,9,0,30
2020-09-22,9.517853,0.0,22,9,1,30
2020-09-23,8.548852,0.0,23,9,2,30
2020-09-24,7.390969,0.0,24,9,3,30
2020-09-25,7.0174184,0.0,25,9,4,30
2020-09-26,9.368382,0.0,26,9,5,30
2020-09-27,10.273277,0.0,27,9,6,30
2020-09-28,11.26846,0.0,28,9,0,30
2020-09-29,10.65107,0.0,29,9,1,30
2020-09-30,10.045576,0.0,30,9,2,30
2020-10-01,10.279432,0.0,1,10,3,31
2020-10-02,11.0241785,0.0,2,10,4,31
2020-10-03,13.340704,0.0,3,10,5,31
2020-10-04,13.377665,0.0,4,10,6,31
2020-10-05,14.072001,0.0,5,10,0,31
2020-10-06,15.2305155,0.0,6,10,1,31
2020-10-07,13.225381,0.0,7,10,2,31
2020-10-08,12.001026,0.0,8,10,3,31
2020-10-09,12.79693,0.0,9,10,4,31
2020-10-10,12.853989,0.0,10,10,5,31
2020-10-11,15.127451,0.0,11,10,6,31
2020-10-12,14.842058,0.0,12,10,0,31
2020-10-13,13.364922,0.0,13,10,1,31
2020-10-14,13.049325,0.0,14,10,2,31
2020-10-15,10.256438,0.0,15,10,3,31
2020-10-16,10.528355,0.0,16,10,4,31
2020-10-17,10.930919,0.0,17,10,5,31
2020-10-18,12.331964,0.0,18,10,6,31
2020-10-19,12.697153,0.0,19,10,0,31
2020-10-20,11.091508,0.0,20,10,1,31
2020-10-21,9.218401,0.0,21,10,2,31
2020-10-22,8.669556,0.0,22,10,3,31
2020-10-23,8.0421095,0.0,23,10,4,31
2020-10-24,10.428503,0.0,24,10,5,31
2020-10-25,10.863199,0.0,25,10,6,31
2020-10-26,11.3579235,0.0,26,10,0,31
2020-10-27,11.318532,0.0,27,10,1,31
2020-10-28,9.593331,0.0,28,10,2,31
2020-10-29,9.119908,0.0,29,10,3,31
2020-10-30,10.594704,0.0,30,10,4,31
2020-10-31,11.088984,0.0,31,10,5,31
2020-11-01,13.496543,0.0,1,11,6,30
2020-11-02,15.253403,0.0,2,11,0,30
2020-11-03,15.377922,0.0,3,11,1,30
2020-11-04,14.1889105,0.0,4,11,2,30
2020-11-05,13.558206,0.0,5,11,3,30
2020-11-06,12.854505,0.0,6,11,4,30
2020-11-07,13.629256,0.0,7,11,5,30
2020-11-08,16.3625,0.0,8,11,6,30
2020-11-09,21.739376,0.9680658120507589,9,11,0,30
2020-11-10,15.23473,0.0,10,11,1,30
2020-11-11,14.512117,0.0,11,11,2,30
2020-11-12,12.800395,0.0,12,11,3,30
2020-11-13,12.390776,0.0,13,11,4,30
2020-11-14,13.868003,0.0,14,11,5,30
2020-11-15,13.319582,0.0,15,11,6,30
2020-11-16,20.239943,0.9971823539029504,16,11,0,30
2020-11-17,12.861664,0.0,17,11,1,30
2020-11-18,11.338983,0.0,18,11,2,30
2020-11-19,10.643171,0.0,19,11,3,30
2020-11-20,9.889734,0.0,20,11,4,30
2020-11-21,10.755213,0.0,21,11,5,30
2020-11-22,12.207042,0.0,22,11,6,30
2020-11-23,12.055714,0.0,23,11,0,30
2020-11-24,11.343386,0.0,24,11,1,30
2020-11-25,10.144267,0.0,25,11,2,30
2020-11-26,8.914215,0.0,26,11,3,30
2020-11-27,11.238848,0.0,27,11,4,30
2020-11-28,11.041539,0.0,28,11,5,30
2020-11-29,13.151813,0.0,29,11,6,30
2020-11-30,14.107249,0.0,30,11,0,30
2020-12-01,14.757767,0.0,1,12,1,31
2020-12-02,14.131657,0.0,2,12,2,31
2020-12-03,13.492802,0.0,3,12,3,31
2020-12-04,13.080698,0.0,4,12,4,31
2020-12-05,14.556673,0.0,5,12,5,31
2020-12-06,16.231377,0.0,6,12,6,31
2020-12-07,16.634558,0.0,7,12,0,31
2020-12-08,17.020926,0.0,8,12,1,31
2020-12-09,15.135062,0.0,9,12,2,31
2020-12-10,14.101413,0.0,10,12,3,31
2020-12-11,13.8539715,0.0,11,12,4,31
2020-12-12,14.850746,0.0,12,12,5,31
2020-12-13,15.294007,0.0,13,12,6,31
2020-12-14,14.750579,0.0,14,12,0,31
2020-12-15,14.640294,0.0,15,12,1,31
2020-12-16,12.44369,0.0,16,12,2,31
2020-12-17,11.093607,0.0,17,12,3,31
2020-12-18,11.281825,0.0,18,12,4,31
2020-12-19,12.29592,0.0,19,12,5,31
2020-12-20,12.680228,0.0,20,12,6,31
2020-12-21,13.17732,0.0,21,12,0,31
2020-12-22,13.171301,0.0,22,12,1,31
2020-12-23,11.112876,0.0,23,12,2,31
2020-12-24,11.298764,0.0,24,12,3,31
2020-12-25,10.384707,0.0,25,12,4,31
2020-12-26,10.420055,0.0,26,12,5,31
2020-12-27,13.196423,0.0,27,12,6,31
2020-12-28,13.884739,0.0,28,12,0,31
2020-12-29,14.130689,0.0,29,12,1,31
2020-12-30,12.942094,0.0,30,12,2,31
2020-12-31,11.923791,0.0,31,12,3,31
